{
 "ours_30000": {
  "SSIM": 0.9800704121589661,
  "PSNR": 34.26079177856445,
  "LPIPS": 0.025319429114460945
 }
}