{
 "ours_30000": {
  "SSIM": 0.9842265844345093,
  "PSNR": 35.706146240234375,
  "LPIPS": 0.02484961785376072
 }
}