{
 "ours_30000": {
  "SSIM": {
   "00012.png": 0.9815011024475098,
   "00069.png": 0.9845541715621948,
   "00015.png": 0.9828835725784302,
   "00067.png": 0.9835187792778015,
   "00060.png": 0.9833993911743164,
   "00029.png": 0.9823174476623535,
   "00084.png": 0.9824296236038208,
   "00055.png": 0.9831828474998474,
   "00083.png": 0.982795238494873,
   "00052.png": 0.982424259185791,
   "00020.png": 0.9828294515609741,
   "00027.png": 0.9828667640686035,
   "00036.png": 0.9845682978630066,
   "00031.png": 0.9854978322982788,
   "00043.png": 0.98338782787323,
   "00092.png": 0.9852415919303894,
   "00038.png": 0.985210120677948,
   "00044.png": 0.9841709136962891,
   "00095.png": 0.985588788986206,
   "00071.png": 0.9826722145080566,
   "00076.png": 0.985732913017273,
   "00078.png": 0.9830617904663086,
   "00004.png": 0.9855102300643921,
   "00003.png": 0.9839975237846375,
   "00026.png": 0.9857949018478394,
   "00021.png": 0.9823972582817078,
   "00082.png": 0.9874116778373718,
   "00053.png": 0.9887358546257019,
   "00028.png": 0.9840397834777832,
   "00085.png": 0.9837454557418823,
   "00054.png": 0.9869100451469421,
   "00061.png": 0.9813321828842163,
   "00066.png": 0.9878794550895691,
   "00068.png": 0.9824610948562622,
   "00014.png": 0.9931178092956543,
   "00013.png": 0.9822191596031189,
   "00002.png": 0.9833990931510925,
   "00079.png": 0.9836472272872925,
   "00005.png": 0.9826218485832214,
   "00077.png": 0.9891268610954285,
   "00070.png": 0.9842884540557861,
   "00039.png": 0.985296905040741,
   "00045.png": 0.9824961423873901,
   "00094.png": 0.9860676527023315,
   "00042.png": 0.9826979637145996,
   "00093.png": 0.9820618629455566,
   "00030.png": 0.9833651781082153,
   "00037.png": 0.9908862113952637,
   "00006.png": 0.9844378232955933,
   "00001.png": 0.9847263693809509,
   "00073.png": 0.982324481010437,
   "00074.png": 0.983701229095459,
   "00008.png": 0.9818934798240662,
   "00041.png": 0.9828692674636841,
   "00090.png": 0.9842398166656494,
   "00046.png": 0.9830043315887451,
   "00097.png": 0.9827327728271484,
   "00034.png": 0.9860188364982605,
   "00048.png": 0.9873719215393066,
   "00099.png": 0.9849122762680054,
   "00033.png": 0.982079267501831,
   "00022.png": 0.9826127290725708,
   "00025.png": 0.9840766787528992,
   "00088.png": 0.9863169193267822,
   "00059.png": 0.9827844500541687,
   "00086.png": 0.982841968536377,
   "00057.png": 0.983146071434021,
   "00081.png": 0.9852660894393921,
   "00050.png": 0.9826564788818359,
   "00065.png": 0.9848672747612,
   "00019.png": 0.9861066341400146,
   "00062.png": 0.9825797080993652,
   "00010.png": 0.9893512725830078,
   "00017.png": 0.9817166328430176,
   "00032.png": 0.9810423254966736,
   "00035.png": 0.9811429381370544,
   "00049.png": 0.9842373728752136,
   "00098.png": 0.9835976958274841,
   "00047.png": 0.9911424517631531,
   "00096.png": 0.9817258715629578,
   "00040.png": 0.9854046702384949,
   "00091.png": 0.9848195910453796,
   "00075.png": 0.9849896430969238,
   "00009.png": 0.9878430366516113,
   "00072.png": 0.9856181144714355,
   "00000.png": 0.9822502136230469,
   "00007.png": 0.9810006022453308,
   "00016.png": 0.9849485158920288,
   "00011.png": 0.9829427003860474,
   "00063.png": 0.9826658964157104,
   "00064.png": 0.9866239428520203,
   "00018.png": 0.9854690432548523,
   "00080.png": 0.9821151494979858,
   "00051.png": 0.9831562042236328,
   "00087.png": 0.9825727343559265,
   "00056.png": 0.9856168627738953,
   "00024.png": 0.9828259348869324,
   "00089.png": 0.98570716381073,
   "00058.png": 0.9838178157806396,
   "00023.png": 0.9834108352661133
  },
  "PSNR": {
   "00012.png": 34.42967987060547,
   "00069.png": 34.9258918762207,
   "00015.png": 34.649208068847656,
   "00067.png": 36.39397048950195,
   "00060.png": 35.50029373168945,
   "00029.png": 35.16423797607422,
   "00084.png": 35.28523254394531,
   "00055.png": 35.69401168823242,
   "00083.png": 34.460601806640625,
   "00052.png": 35.65625762939453,
   "00020.png": 35.46830368041992,
   "00027.png": 35.2656364440918,
   "00036.png": 35.13111114501953,
   "00031.png": 36.49575424194336,
   "00043.png": 35.57509231567383,
   "00092.png": 35.159950256347656,
   "00038.png": 35.1457633972168,
   "00044.png": 35.498497009277344,
   "00095.png": 35.822872161865234,
   "00071.png": 35.01814651489258,
   "00076.png": 36.767642974853516,
   "00078.png": 35.033321380615234,
   "00004.png": 35.00444412231445,
   "00003.png": 34.881107330322266,
   "00026.png": 36.18714904785156,
   "00021.png": 35.500328063964844,
   "00082.png": 37.13429260253906,
   "00053.png": 35.56786346435547,
   "00028.png": 34.906211853027344,
   "00085.png": 35.40420150756836,
   "00054.png": 37.79896545410156,
   "00061.png": 34.65216827392578,
   "00066.png": 37.4516716003418,
   "00068.png": 35.3066291809082,
   "00014.png": 40.347084045410156,
   "00013.png": 35.665374755859375,
   "00002.png": 34.72001647949219,
   "00079.png": 35.89431381225586,
   "00005.png": 35.58018493652344,
   "00077.png": 37.71245193481445,
   "00070.png": 35.5892448425293,
   "00039.png": 36.09690856933594,
   "00045.png": 34.737884521484375,
   "00094.png": 37.36492919921875,
   "00042.png": 35.22530746459961,
   "00093.png": 35.7831916809082,
   "00030.png": 36.050270080566406,
   "00037.png": 39.47929000854492,
   "00006.png": 34.95857620239258,
   "00001.png": 35.3073844909668,
   "00073.png": 35.26850891113281,
   "00074.png": 35.910400390625,
   "00008.png": 34.86143493652344,
   "00041.png": 36.1350212097168,
   "00090.png": 35.364463806152344,
   "00046.png": 34.61545181274414,
   "00097.png": 35.729766845703125,
   "00034.png": 35.845245361328125,
   "00048.png": 36.742366790771484,
   "00099.png": 37.022216796875,
   "00033.png": 35.43879699707031,
   "00022.png": 34.86032485961914,
   "00025.png": 34.92289733886719,
   "00088.png": 36.865806579589844,
   "00059.png": 35.60736846923828,
   "00086.png": 35.24443817138672,
   "00057.png": 36.45335006713867,
   "00081.png": 36.69282150268555,
   "00050.png": 35.13193130493164,
   "00065.png": 35.0150260925293,
   "00019.png": 35.90650939941406,
   "00062.png": 34.517398834228516,
   "00010.png": 37.89186477661133,
   "00017.png": 34.72080612182617,
   "00032.png": 34.33712387084961,
   "00035.png": 34.78144454956055,
   "00049.png": 35.78018569946289,
   "00098.png": 34.793182373046875,
   "00047.png": 39.58397674560547,
   "00096.png": 34.78323745727539,
   "00040.png": 35.945526123046875,
   "00091.png": 35.371971130371094,
   "00075.png": 36.22482681274414,
   "00009.png": 35.47268295288086,
   "00072.png": 35.639041900634766,
   "00000.png": 34.52946853637695,
   "00007.png": 35.13064956665039,
   "00016.png": 35.53717803955078,
   "00011.png": 35.446739196777344,
   "00063.png": 35.393394470214844,
   "00064.png": 35.333126068115234,
   "00018.png": 35.85881042480469,
   "00080.png": 35.04429626464844,
   "00051.png": 35.208927154541016,
   "00087.png": 36.17974853515625,
   "00056.png": 35.201507568359375,
   "00024.png": 36.14466857910156,
   "00089.png": 36.362308502197266,
   "00058.png": 36.22566223144531,
   "00023.png": 34.692081451416016
  },
  "LPIPS": {
   "00012.png": 0.027552993968129158,
   "00069.png": 0.022647224366664886,
   "00015.png": 0.02364800125360489,
   "00067.png": 0.029755547642707825,
   "00060.png": 0.02589408867061138,
   "00029.png": 0.028543788939714432,
   "00084.png": 0.028838705271482468,
   "00055.png": 0.02657373622059822,
   "00083.png": 0.02406846359372139,
   "00052.png": 0.029318343847990036,
   "00020.png": 0.02912297658622265,
   "00027.png": 0.027671411633491516,
   "00036.png": 0.021074362099170685,
   "00031.png": 0.02602609060704708,
   "00043.png": 0.02713147923350334,
   "00092.png": 0.022186875343322754,
   "00038.png": 0.02226315811276436,
   "00044.png": 0.024611711502075195,
   "00095.png": 0.021519692614674568,
   "00071.png": 0.02842109650373459,
   "00076.png": 0.02472878061234951,
   "00078.png": 0.027024835348129272,