{
 "ours_30000": {
  "SSIM": 0.9917206764221191,
  "PSNR": 38.23994064331055,
  "LPIPS": 0.008291997015476227
 }
}