{
 "ours_30000": {
  "SSIM": {
   "00043.png": 0.993849515914917,
   "00092.png": 0.9954451322555542,
   "00038.png": 0.9954294562339783,
   "00044.png": 0.9942366480827332,
   "00095.png": 0.9948941469192505,
   "00036.png": 0.9943384528160095,
   "00031.png": 0.9947225451469421,
   "00078.png": 0.9947234988212585,
   "00004.png": 0.9939659833908081,
   "00003.png": 0.9941065311431885,
   "00071.png": 0.9946801662445068,
   "00076.png": 0.9948543906211853,
   "00067.png": 0.9942848086357117,
   "00060.png": 0.9938333034515381,
   "00012.png": 0.9938988089561462,
   "00069.png": 0.9953635931015015,
   "00015.png": 0.9934093356132507,
   "00020.png": 0.993993878364563,
   "00027.png": 0.9938434362411499,
   "00029.png": 0.9943990707397461,
   "00084.png": 0.994193434715271,
   "00055.png": 0.9939534664154053,
   "00083.png": 0.9939870834350586,
   "00052.png": 0.9939097166061401,
   "00077.png": 0.9958280324935913,
   "00070.png": 0.9943747520446777,
   "00002.png": 0.9936591386795044,
   "00079.png": 0.9939135313034058,
   "00005.png": 0.9935970306396484,
   "00030.png": 0.993954062461853,
   "00037.png": 0.9968387484550476,
   "00039.png": 0.9946417808532715,
   "00045.png": 0.994321346282959,
   "00094.png": 0.9945688247680664,
   "00042.png": 0.9935097098350525,
   "00093.png": 0.9933573603630066,
   "00082.png": 0.9949225187301636,
   "00053.png": 0.9957353472709656,
   "00028.png": 0.9941520690917969,
   "00085.png": 0.9939813613891602,
   "00054.png": 0.9952055215835571,
   "00026.png": 0.9948195219039917,
   "00021.png": 0.9934520721435547,
   "00068.png": 0.9942531585693359,
   "00014.png": 0.9970816969871521,
   "00013.png": 0.9937437772750854,
   "00061.png": 0.9931833148002625,
   "00066.png": 0.9950758814811707,
   "00086.png": 0.9942635297775269,
   "00057.png": 0.9939086437225342,
   "00081.png": 0.9947105646133423,
   "00050.png": 0.9935331344604492,
   "00022.png": 0.9943331480026245,
   "00025.png": 0.9939345121383667,
   "00088.png": 0.9947291612625122,
   "00059.png": 0.9937434196472168,
   "00010.png": 0.9960354566574097,
   "00017.png": 0.9936412572860718,
   "00065.png": 0.9941896200180054,
   "00019.png": 0.995154619216919,
   "00062.png": 0.994478166103363,
   "00073.png": 0.9938235282897949,
   "00074.png": 0.9939250946044922,
   "00008.png": 0.993560791015625,
   "00006.png": 0.9940428733825684,
   "00001.png": 0.9944669008255005,
   "00034.png": 0.9952419996261597,
   "00048.png": 0.9949917793273926,
   "00099.png": 0.9946801662445068,
   "00033.png": 0.9935544729232788,
   "00041.png": 0.9939100742340088,
   "00090.png": 0.994208037853241,
   "00046.png": 0.9928314089775085,
   "00097.png": 0.9940252304077148,
   "00063.png": 0.9937564730644226,
   "00064.png": 0.9955412745475769,
   "00018.png": 0.9947969913482666,
   "00016.png": 0.9946560859680176,
   "00011.png": 0.9944471120834351,
   "00024.png": 0.9938266277313232,
   "00089.png": 0.9948534369468689,
   "00058.png": 0.993830144405365,
   "00023.png": 0.9947797060012817,
   "00080.png": 0.9931960105895996,
   "00051.png": 0.994780957698822,
   "00087.png": 0.9933158755302429,
   "00056.png": 0.9954037666320801,
   "00047.png": 0.9969012141227722,
   "00096.png": 0.9926031827926636,
   "00040.png": 0.994621992111206,
   "00091.png": 0.9948419332504272,
   "00032.png": 0.993664026260376,
   "00035.png": 0.9924325942993164,
   "00049.png": 0.9942823648452759,
   "00098.png": 0.9948605895042419,
   "00000.png": 0.9942195415496826,
   "00007.png": 0.9929980039596558,
   "00075.png": 0.9946526288986206,
   "00009.png": 0.9949406981468201,
   "00072.png": 0.995171070098877
  },
  "PSNR": {
   "00043.png": 39.66863250732422,
   "00092.png": 40.18709182739258,
   "00038.png": 40.14068603515625,
   "00044.png": 39.86460876464844,
   "00095.png": 40.571815490722656,
   "00036.png": 39.72343826293945,
   "00031.png": 40.83762741088867,
   "00078.png": 40.270999908447266,
   "00004.png": 39.168949127197266,
   "00003.png": 39.047264099121094,
   "00071.png": 40.302547454833984,
   "00076.png": 41.09313201904297,
   "00067.png": 41.00482177734375,
   "00060.png": 40.02691650390625,
   "00012.png": 39.230224609375,
   "00069.png": 40.126365661621094,
   "00015.png": 38.853267669677734,
   "00020.png": 40.0581169128418,
   "00027.png": 39.71025085449219,
   "00029.png": 40.23876953125,
   "00084.png": 40.06501770019531,
   "00055.png": 40.05868911743164,
   "00083.png": 39.0171012878418,
   "00052.png": 40.306419372558594,
   "00077.png": 42.02393341064453,
   "00070.png": 40.08063888549805,
   "00002.png": 38.92618942260742,
   "00079.png": 40.10221862792969,
   "00005.png": 39.92660903930664,
   "00030.png": 40.317283630371094,
   "00037.png": 44.022708892822266,
   "00039.png": 40.518218994140625,
   "00045.png": 39.59934997558594,
   "00094.png": 41.55846405029297,
   "00042.png": 39.426326751708984,
   "00093.png": 40.05632019042969,
   "00082.png": 41.17641067504883,
   "00053.png": 40.004695892333984,
   "00028.png": 39.490318298339844,
   "00085.png": 40.01693344116211,
   "00054.png": 42.2537841796875,
   "00026.png": 40.73078918457031,
   "00021.png": 39.96730422973633,
   "00068.png": 40.11774444580078,
   "00014.png": 44.16440963745117,
   "00013.png": 40.10721206665039,
   "00061.png": 39.100460052490234,
   "00066.png": 41.4494514465332,
   "00086.png": 40.098236083984375,
   "00057.png": 40.928993225097656,
   "00081.png": 41.03046417236328,
   "00050.png": 39.385772705078125,
   "00022.png": 39.861785888671875,
   "00025.png": 39.48931884765625,
   "00088.png": 41.07911682128906,
   "00059.png": 40.05658721923828,
   "00010.png": 42.17741012573242,
   "00017.png": 39.32570266723633,
   "00065.png": 39.329830169677734,
   "00019.png": 40.61122131347656,
   "00062.png": 39.497955322265625,
   "00073.png": 39.90715408325195,
   "00074.png": 40.26866149902344,
   "00008.png": 39.31935119628906,
   "00006.png": 39.52513885498047,
   "00001.png": 39.98042297363281,
   "00034.png": 40.693450927734375,
   "00048.png": 40.945281982421875,
   "00099.png": 41.49589920043945,
   "00033.png": 39.9074592590332,
   "00041.png": 40.736053466796875,
   "00090.png": 39.72713088989258,
   "00046.png": 38.55217742919922,
   "00097.png": 40.22859573364258,
   "00063.png": 39.86759567260742,
   "00064.png": 39.87505340576172,
   "00018.png": 40.58641815185547,
   "00016.png": 40.35041427612305,
   "00011.png": 40.4376220703125,
   "00024.png": 40.66215133666992,
   "00089.png": 40.875492095947266,
   "00058.png": 40.355308532714844,
   "00023.png": 39.69825744628906,
   "00080.png": 39.316200256347656,
   "00051.png": 40.37603759765625,
   "00087.png": 40.44758605957031,
   "00056.png": 40.05982208251953,
   "00047.png": 44.09965896606445,
   "00096.png": 38.892051696777344,
   "00040.png": 40.39884948730469,
   "00091.png": 40.21194839477539,
   "00032.png": 39.122650146484375,
   "00035.png": 38.83259201049805,
   "00049.png": 40.17601776123047,
   "00098.png": 39.71708679199219,
   "00000.png": 39.44678497314453,
   "00007.png": 39.384132385253906,
   "00075.png": 40.545597076416016,
   "00009.png": 39.324737548828125,
   "00072.png": 40.5240478515625
  },
  "LPIPS": {
   "00043.png": 0.008049126714468002,
   "00092.png": 0.005066405516117811,
   "00038.png": 0.005070561543107033,
   "00044.png": 0.007121260277926922,
   "00095.png": 0.005860182456672192,
   "00036.png": 0.005968053825199604,
   "00031.png": 0.007325589656829834,
   "00078.png": 0.0072483038529753685,
   "00004.png": 0.005925267934799194,
   "00003.png": 0.0061594462022185326,
   "00071.png": 0.007397800218313932,
   "00076.png": 0.006738053634762764,
   "00067.png": 0.00844484567642212,
   "00060.png": 0.0076657854951918125,
   "00012.png": 0.007074800319969654,
   "00069.png": 0.005673995241522789,
   "00015.png": 0.006440979428589344,
   "00020.png": 0.0077744172886013985,
   "00027.png": 0.007650214247405529,
   "00029.png": 0.007264069281518459,
   "00084.png": 0.007184810936450958,