{
 "ours_30000": {
  "SSIM": 0.9943578243255615,
  "PSNR": 40.22453689575195,
  "LPIPS": 0.006959208287298679
 }
}