{
 "ours_30000": {
  "SSIM": 0.9981898665428162,
  "PSNR": 42.96220779418945,
  "LPIPS": 0.002327572088688612
 }
}