{
 "ours_30000": {
  "SSIM": 0.9989381432533264,
  "PSNR": 45.12544250488281,
  "LPIPS": 0.0013554231263697147
 }
}