{
 "ours_30000": {
  "SSIM": {
   "00011.png": 0.9991350173950195,
   "00016.png": 0.9990948438644409,
   "00064.png": 0.9992761611938477,
   "00018.png": 0.9990376234054565,
   "00063.png": 0.9990882873535156,
   "00056.png": 0.9993085861206055,
   "00087.png": 0.9987201690673828,
   "00051.png": 0.9991130828857422,
   "00080.png": 0.9990031123161316,
   "00023.png": 0.9992108345031738,
   "00024.png": 0.9988715052604675,
   "00058.png": 0.9986748695373535,
   "00089.png": 0.9988130927085876,
   "00035.png": 0.9986134767532349,
   "00098.png": 0.9991905093193054,
   "00049.png": 0.9989544153213501,
   "00032.png": 0.9988908767700195,
   "00091.png": 0.9992098808288574,
   "00040.png": 0.9990112781524658,
   "00096.png": 0.9987134337425232,
   "00047.png": 0.9989422559738159,
   "00072.png": 0.999259352684021,
   "00075.png": 0.9990342855453491,
   "00009.png": 0.998733401298523,
   "00007.png": 0.9987336993217468,
   "00000.png": 0.9990997314453125,
   "00025.png": 0.9989367723464966,
   "00059.png": 0.9990038871765137,
   "00088.png": 0.9986171126365662,
   "00022.png": 0.9990677833557129,
   "00050.png": 0.9990825057029724,
   "00081.png": 0.9988220930099487,
   "00057.png": 0.9988613128662109,
   "00086.png": 0.9990586042404175,
   "00062.png": 0.999062180519104,
   "00065.png": 0.9988683462142944,
   "00019.png": 0.9992548823356628,
   "00017.png": 0.9988684058189392,
   "00010.png": 0.9987244606018066,
   "00001.png": 0.9989349246025085,
   "00006.png": 0.9989320635795593,
   "00074.png": 0.998731791973114,
   "00008.png": 0.9987971186637878,
   "00073.png": 0.9990550875663757,
   "00097.png": 0.9989559650421143,
   "00046.png": 0.998468279838562,
   "00090.png": 0.9988247752189636,
   "00041.png": 0.9990153312683105,
   "00033.png": 0.9989697337150574,
   "00034.png": 0.9992512464523315,
   "00099.png": 0.9989444613456726,
   "00048.png": 0.9987749457359314,
   "00079.png": 0.9987532496452332,
   "00005.png": 0.9989010691642761,
   "00002.png": 0.9990448951721191,
   "00070.png": 0.9990603923797607,
   "00077.png": 0.9985949397087097,
   "00093.png": 0.9987353086471558,
   "00042.png": 0.9987289309501648,
   "00039.png": 0.9989737272262573,
   "00094.png": 0.9987740516662598,
   "00045.png": 0.9990178942680359,
   "00037.png": 0.998853325843811,
   "00030.png": 0.9986745715141296,
   "00021.png": 0.9987732768058777,
   "00026.png": 0.9990494251251221,
   "00028.png": 0.9990987777709961,
   "00054.png": 0.9987761378288269,
   "00085.png": 0.9988623857498169,
   "00053.png": 0.9989940524101257,
   "00082.png": 0.9986953735351562,
   "00066.png": 0.9986801147460938,
   "00061.png": 0.9987015724182129,
   "00013.png": 0.9988741874694824,
   "00068.png": 0.9991486072540283,
   "00014.png": 0.9987176656723022,
   "00031.png": 0.9989096522331238,
   "00036.png": 0.99906986951828,
   "00038.png": 0.9992069005966187,
   "00095.png": 0.9991618990898132,
   "00044.png": 0.9990553855895996,
   "00092.png": 0.9992094039916992,
   "00043.png": 0.9988086223602295,
   "00076.png": 0.9988684058189392,
   "00071.png": 0.9991497993469238,
   "00003.png": 0.9986823797225952,
   "00078.png": 0.9990859031677246,
   "00004.png": 0.9985739588737488,
   "00069.png": 0.9991874694824219,
   "00015.png": 0.998977541923523,
   "00012.png": 0.9989310503005981,
   "00060.png": 0.9988872408866882,
   "00067.png": 0.9989129900932312,
   "00052.png": 0.998908281326294,
   "00083.png": 0.9989471435546875,
   "00029.png": 0.9991104602813721,
   "00055.png": 0.9988622665405273,
   "00084.png": 0.9991052150726318,
   "00027.png": 0.9991158843040466,
   "00020.png": 0.9989914894104004
  },
  "PSNR": {
   "00011.png": 46.487876892089844,
   "00016.png": 45.77020263671875,
   "00064.png": 45.77374267578125,
   "00018.png": 45.493858337402344,
   "00063.png": 46.03752136230469,
   "00056.png": 46.18616485595703,
   "00087.png": 44.56673049926758,
   "00051.png": 45.831642150878906,
   "00080.png": 45.33550262451172,
   "00023.png": 46.05194854736328,
   "00024.png": 45.017433166503906,
   "00058.png": 43.93251419067383,
   "00089.png": 44.84111404418945,
   "00035.png": 43.9043083190918,
   "00098.png": 46.155662536621094,
   "00049.png": 45.18046951293945,
   "00032.png": 44.90239715576172,
   "00091.png": 46.156673431396484,
   "00040.png": 45.27286911010742,
   "00096.png": 44.28032302856445,
   "00047.png": 45.074058532714844,
   "00072.png": 46.63475036621094,
   "00075.png": 45.30529022216797,
   "00009.png": 43.32120895385742,
   "00007.png": 44.492088317871094,
   "00000.png": 45.67399978637695,
   "00025.png": 44.98018264770508,
   "00059.png": 45.55099868774414,
   "00088.png": 44.093055725097656,
   "00022.png": 45.63841247558594,
   "00050.png": 45.7881965637207,
   "00081.png": 44.6461296081543,
   "00057.png": 44.91741943359375,
   "00086.png": 45.75672912597656,
   "00062.png": 45.35140609741211,
   "00065.png": 44.54416275024414,
   "00019.png": 46.513065338134766,
   "00017.png": 44.76917266845703,
   "00010.png": 44.358123779296875,
   "00001.png": 44.939613342285156,
   "00006.png": 44.78840637207031,
   "00074.png": 43.93897247314453,
   "00008.png": 44.6522331237793,
   "00073.png": 45.55856704711914,
   "00097.png": 45.36802291870117,
   "00046.png": 43.01327133178711,
   "00090.png": 44.56533432006836,
   "00041.png": 45.764102935791016,
   "00033.png": 45.32368087768555,
   "00034.png": 46.4088249206543,
   "00099.png": 45.42148208618164,
   "00048.png": 44.785499572753906,
   "00079.png": 44.228858947753906,
   "00005.png": 44.90373992919922,
   "00002.png": 45.46531295776367,
   "00070.png": 45.58326721191406,
   "00077.png": 43.806068420410156,
   "00093.png": 44.48914337158203,
   "00042.png": 44.158477783203125,
   "00039.png": 45.07768630981445,
   "00094.png": 45.0612678527832,
   "00045.png": 45.37415313720703,
   "00037.png": 45.06458282470703,
   "00030.png": 44.67824935913086,
   "00021.png": 44.42604064941406,
   "00026.png": 45.43770217895508,
   "00028.png": 45.9181022644043,
   "00054.png": 44.56125259399414,
   "00085.png": 44.46282958984375,
   "00053.png": 44.57681655883789,
   "00082.png": 44.199668884277344,
   "00066.png": 44.57623291015625,
   "00061.png": 44.34232711791992,
   "00013.png": 45.128597259521484,
   "00068.png": 46.42926025390625,
   "00014.png": 44.153099060058594,
   "00031.png": 45.05052185058594,
   "00036.png": 45.769432067871094,
   "00038.png": 46.00484848022461,
   "00095.png": 46.134521484375,
   "00044.png": 45.48862075805664,
   "00092.png": 46.1693115234375,
   "00043.png": 44.45539474487305,
   "00076.png": 44.853515625,
   "00071.png": 46.194984436035156,
   "00003.png": 43.634071350097656,
   "00078.png": 45.62876892089844,
   "00004.png": 43.54246139526367,
   "00069.png": 45.975975036621094,
   "00015.png": 45.05360412597656,
   "00012.png": 44.99351119995117,
   "00060.png": 44.52743911743164,
   "00067.png": 44.93698501586914,
   "00052.png": 45.39373016357422,
   "00083.png": 44.805545806884766,
   "00029.png": 46.19305419921875,
   "00055.png": 44.841941833496094,
   "00084.png": 46.14267349243164,
   "00027.png": 45.912742614746094,
   "00020.png": 45.622562408447266
  },
  "LPIPS": {
   "00011.png": 0.000921732687857002,
   "00016.png": 0.0014386329567059875,
   "00064.png": 0.0015397900715470314,
   "00018.png": 0.0016575432382524014,
   "00063.png": 0.0009548765374347568,
   "00056.png": 0.0008967895992100239,
   "00087.png": 0.0017366678221151233,
   "00051.png": 0.001074048224836588,
   "00080.png": 0.0010876597370952368,
   "00023.png": 0.0019151618471369147,
   "00024.png": 0.0013146012788638473,
   "00058.png": 0.0015900519210845232,
   "00089.png": 0.001697775674983859,
   "00035.png": 0.0017687164945527911,
   "00098.png": 0.0009586326195858419,
   "00049.png": 0.0010820545721799135,
   "00032.png": 0.0017660086741670966,
   "00091.png": 0.0012319558300077915,
   "00040.png": 0.001527904998511076,
   "00096.png": 0.0018679974600672722,
   "00047.png": 0.0013428885722532868,