{
 "ours_30000": {
  "SSIM": 0.998679518699646,
  "PSNR": 44.7382926940918,
  "LPIPS": 0.0016307203331962228
 }
}