{
 "ours_30000": {
  "SSIM": {
   "00066.png": 0.9997240304946899,
   "00061.png": 0.9997255206108093,
   "00013.png": 0.9996218681335449,
   "00014.png": 0.9997214078903198,
   "00068.png": 0.9996927976608276,
   "00021.png": 0.9996455907821655,
   "00026.png": 0.9996849298477173,
   "00054.png": 0.9996832609176636,
   "00085.png": 0.9996470808982849,
   "00028.png": 0.9996321201324463,
   "00053.png": 0.9997401237487793,
   "00082.png": 0.9997061491012573,
   "00093.png": 0.9995545148849487,
   "00042.png": 0.9996270537376404,
   "00094.png": 0.9997419118881226,
   "00045.png": 0.999632716178894,
   "00039.png": 0.9995965957641602,
   "00037.png": 0.9997035264968872,
   "00030.png": 0.9997049570083618,
   "00005.png": 0.9996325373649597,
   "00079.png": 0.9996817111968994,
   "00002.png": 0.9996466040611267,
   "00070.png": 0.9996423721313477,
   "00077.png": 0.9996427297592163,
   "00052.png": 0.9996349811553955,
   "00083.png": 0.9996797442436218,
   "00055.png": 0.9996477961540222,
   "00084.png": 0.9997062087059021,
   "00029.png": 0.999688982963562,
   "00027.png": 0.9996918439865112,
   "00020.png": 0.9996514320373535,
   "00015.png": 0.9996063709259033,
   "00069.png": 0.9996244311332703,
   "00012.png": 0.9995705485343933,
   "00060.png": 0.9996805191040039,
   "00067.png": 0.9996367692947388,
   "00076.png": 0.9997390508651733,
   "00071.png": 0.9996953010559082,
   "00003.png": 0.999687135219574,
   "00004.png": 0.9996804594993591,
   "00078.png": 0.9996727705001831,
   "00031.png": 0.9996547698974609,
   "00036.png": 0.999552845954895,
   "00095.png": 0.9997352361679077,
   "00044.png": 0.999657154083252,
   "00038.png": 0.9997020959854126,
   "00092.png": 0.9997188448905945,
   "00043.png": 0.99957674741745,
   "00072.png": 0.9996638298034668,
   "00009.png": 0.9997061491012573,
   "00075.png": 0.9996740221977234,
   "00007.png": 0.9996589422225952,
   "00000.png": 0.9996498823165894,
   "00098.png": 0.9996223449707031,
   "00049.png": 0.9996652603149414,
   "00035.png": 0.9996042251586914,
   "00032.png": 0.9996856451034546,
   "00091.png": 0.9996458888053894,
   "00040.png": 0.9996457099914551,
   "00096.png": 0.999667763710022,
   "00047.png": 0.9997730255126953,
   "00056.png": 0.9996933937072754,
   "00087.png": 0.9996343851089478,
   "00051.png": 0.9996678829193115,
   "00080.png": 0.999660849571228,
   "00023.png": 0.9996427297592163,
   "00058.png": 0.9996627569198608,
   "00089.png": 0.999666690826416,
   "00024.png": 0.9995702505111694,
   "00011.png": 0.9996638298034668,
   "00016.png": 0.9996771812438965,
   "00018.png": 0.9996435046195984,
   "00064.png": 0.9997295141220093,
   "00063.png": 0.9996029138565063,
   "00097.png": 0.9996551275253296,
   "00046.png": 0.9997267723083496,
   "00090.png": 0.999687910079956,
   "00041.png": 0.9996361136436462,
   "00033.png": 0.9996050596237183,
   "00099.png": 0.9996797442436218,
   "00048.png": 0.999707818031311,
   "00034.png": 0.9997383952140808,
   "00001.png": 0.9996738433837891,
   "00006.png": 0.9997038841247559,
   "00008.png": 0.9996920824050903,
   "00074.png": 0.9996932744979858,
   "00073.png": 0.9995788335800171,
   "00062.png": 0.9996435642242432,
   "00019.png": 0.999679446220398,
   "00065.png": 0.9996929168701172,
   "00017.png": 0.999753475189209,
   "00010.png": 0.9997226595878601,
   "00059.png": 0.9995907545089722,
   "00088.png": 0.9996909499168396,
   "00025.png": 0.9997403025627136,
   "00022.png": 0.9996740818023682,
   "00050.png": 0.9996311068534851,
   "00081.png": 0.9997708201408386,
   "00057.png": 0.9996556043624878,
   "00086.png": 0.9996926188468933
  },
  "PSNR": {
   "00066.png": 51.46820068359375,
   "00061.png": 51.25914764404297,
   "00013.png": 50.43152618408203,
   "00014.png": 51.949493408203125,
   "00068.png": 51.21345138549805,
   "00021.png": 50.411468505859375,
   "00026.png": 50.66047668457031,
   "00054.png": 50.89214324951172,
   "00085.png": 50.69047927856445,
   "00028.png": 50.100914001464844,
   "00053.png": 50.51915740966797,
   "00082.png": 51.270965576171875,
   "00093.png": 49.4212646484375,
   "00042.png": 50.15662384033203,
   "00094.png": 52.245445251464844,
   "00045.png": 50.03946304321289,
   "00039.png": 49.87254333496094,
   "00037.png": 52.32176971435547,
   "00030.png": 51.3581428527832,
   "00005.png": 50.17143630981445,
   "00079.png": 50.52482223510742,
   "00002.png": 50.112613677978516,
   "00070.png": 50.214622497558594,
   "00077.png": 50.45138931274414,
   "00052.png": 50.15324020385742,
   "00083.png": 50.12532043457031,
   "00055.png": 50.07221984863281,
   "00084.png": 51.23163604736328,
   "00029.png": 50.83165740966797,
   "00027.png": 51.242835998535156,
   "00020.png": 50.01934814453125,
   "00015.png": 49.71002197265625,
   "00069.png": 49.58844757080078,
   "00012.png": 49.08905029296875,
   "00060.png": 51.04566955566406,
   "00067.png": 50.43048095703125,
   "00076.png": 52.19491958618164,
   "00071.png": 50.81031799316406,
   "00003.png": 50.124202728271484,
   "00004.png": 50.118194580078125,
   "00078.png": 50.316314697265625,
   "00031.png": 50.17893981933594,
   "00036.png": 49.277156829833984,
   "00095.png": 51.84246826171875,
   "00044.png": 50.219482421875,
   "00038.png": 51.045326232910156,
   "00092.png": 51.06455993652344,
   "00043.png": 49.24495315551758,
   "00072.png": 51.052249908447266,
   "00009.png": 49.64154052734375,
   "00075.png": 50.957035064697266,
   "00007.png": 50.40116882324219,
   "00000.png": 50.037818908691406,
   "00098.png": 49.67230987548828,
   "00049.png": 50.73676681518555,
   "00035.png": 49.45648956298828,
   "00032.png": 50.48179626464844,
   "00091.png": 50.78029251098633,
   "00040.png": 50.7435302734375,
   "00096.png": 50.50524139404297,
   "00047.png": 53.10273742675781,
   "00056.png": 50.18247604370117,
   "00087.png": 50.42852783203125,
   "00051.png": 50.244564056396484,
   "00080.png": 50.68236541748047,
   "00023.png": 49.705322265625,
   "00058.png": 50.466644287109375,
   "00089.png": 50.565185546875,
   "00024.png": 49.7398681640625,
   "00011.png": 50.62942123413086,
   "00016.png": 51.032379150390625,
   "00018.png": 50.11400604248047,
   "00064.png": 50.254783630371094,
   "00063.png": 50.10300064086914,
   "00097.png": 50.34696578979492,
   "00046.png": 51.45317459106445,
   "00090.png": 50.83165740966797,
   "00041.png": 50.654151916503906,
   "00033.png": 50.04563903808594,
   "00099.png": 50.81080627441406,
   "00048.png": 51.029972076416016,
   "00034.png": 51.904380798339844,
   "00001.png": 50.39373016357422,
   "00006.png": 51.120304107666016,
   "00008.png": 51.058658599853516,
   "00074.png": 51.00403594970703,
   "00073.png": 49.70964050292969,
   "00062.png": 49.726959228515625,
   "00019.png": 51.036869049072266,
   "00065.png": 50.35108947753906,
   "00017.png": 51.56375503540039,
   "00010.png": 51.77814865112305,
   "00059.png": 49.764122009277344,
   "00088.png": 51.003692626953125,
   "00025.png": 51.78224182128906,
   "00022.png": 50.356834411621094,
   "00050.png": 50.43573760986328,
   "00081.png": 52.972835540771484,
   "00057.png": 50.71492004394531,
   "00086.png": 50.88880920410156
  },
  "LPIPS": {
   "00066.png": 0.00030253652948886156,
   "00061.png": 0.00031415573903359473,
   "00013.png": 0.0005512922070920467,
   "00014.png": 0.0002943968866020441,
   "00068.png": 0.00027080101426690817,
   "00021.png": 0.0004490895662456751,
   "00026.png": 0.0005601347656920552,
   "00054.png": 0.00045743785449303687,
   "00085.png": 0.000511625490617007,
   "00028.png": 0.000455417757621035,
   "00053.png": 0.0005333669832907617,
   "00082.png": 0.0006118151359260082,
   "00093.png": 0.0004323066386859864,
   "00042.png": 0.00038278597639873624,
   "00094.png": 0.0004044760135002434,
   "00045.png": 0.00043495596037246287,
   "00039.png": 0.000497297034598887,
   "00037.png": 0.000510232406668365,
   "00030.png": 0.0004338618600741029,
   "00005.png": 0.0004024725640192628,
   "00079.png": 0.000416592403780669,