{
 "ours_30000": {
  "SSIM": 0.9978997707366943,
  "PSNR": 42.21890640258789,
  "LPIPS": 0.0025086828973144293
 }
}