{
 "ours_30000": {
  "SSIM": {
   "00036.png": 0.9987519979476929,
   "00031.png": 0.9984054565429688,
   "00092.png": 0.9988271594047546,
   "00043.png": 0.9981931447982788,
   "00038.png": 0.9988865852355957,
   "00095.png": 0.9986981153488159,
   "00044.png": 0.9986940622329712,
   "00071.png": 0.9989599585533142,
   "00076.png": 0.9983110427856445,
   "00078.png": 0.9988315105438232,
   "00004.png": 0.9983794689178467,
   "00003.png": 0.9983010292053223,
   "00012.png": 0.9985846877098083,
   "00069.png": 0.9989751577377319,
   "00015.png": 0.9987584948539734,
   "00067.png": 0.9984606504440308,
   "00060.png": 0.9983530044555664,
   "00029.png": 0.9988663196563721,
   "00055.png": 0.9983763694763184,
   "00084.png": 0.9988030195236206,
   "00052.png": 0.9986639022827148,
   "00083.png": 0.9986168742179871,
   "00020.png": 0.9984381198883057,
   "00027.png": 0.998866081237793,
   "00002.png": 0.9988076090812683,
   "00079.png": 0.9980964064598083,
   "00005.png": 0.9986183047294617,
   "00077.png": 0.9979268908500671,
   "00070.png": 0.9987883567810059,
   "00039.png": 0.9984357357025146,
   "00094.png": 0.997903048992157,
   "00045.png": 0.9987654685974121,
   "00093.png": 0.998445987701416,
   "00042.png": 0.9981555342674255,
   "00030.png": 0.9982852935791016,
   "00037.png": 0.9977810382843018,
   "00026.png": 0.998506486415863,
   "00021.png": 0.9983587265014648,
   "00053.png": 0.9986066818237305,
   "00082.png": 0.9982192516326904,
   "00028.png": 0.9988020658493042,
   "00054.png": 0.9978954195976257,
   "00085.png": 0.9983841776847839,
   "00061.png": 0.9982840418815613,
   "00066.png": 0.9980915784835815,
   "00068.png": 0.9988564252853394,
   "00014.png": 0.9978548884391785,
   "00013.png": 0.9985876083374023,
   "00022.png": 0.9987854957580566,
   "00025.png": 0.9986979365348816,
   "00059.png": 0.9987375140190125,
   "00088.png": 0.9980317950248718,
   "00057.png": 0.9983981847763062,
   "00086.png": 0.9986998438835144,
   "00050.png": 0.9987968802452087,
   "00081.png": 0.998367190361023,
   "00065.png": 0.9984604716300964,
   "00019.png": 0.9989714622497559,
   "00062.png": 0.9988741874694824,
   "00010.png": 0.9979493021965027,
   "00017.png": 0.9985010027885437,
   "00006.png": 0.9986972808837891,
   "00001.png": 0.9986213445663452,
   "00073.png": 0.9987095594406128,
   "00074.png": 0.9981688261032104,
   "00008.png": 0.9985165596008301,
   "00090.png": 0.998518168926239,
   "00041.png": 0.9985278844833374,
   "00097.png": 0.9986367225646973,
   "00046.png": 0.998117208480835,
   "00034.png": 0.998881459236145,
   "00099.png": 0.9982888698577881,
   "00048.png": 0.9984123110771179,
   "00033.png": 0.9985049962997437,
   "00016.png": 0.9986967444419861,
   "00011.png": 0.9988201856613159,
   "00063.png": 0.9987868070602417,
   "00064.png": 0.9991168975830078,
   "00018.png": 0.9986207485198975,
   "00051.png": 0.9988164901733398,
   "00080.png": 0.9985682368278503,
   "00056.png": 0.9991463422775269,
   "00087.png": 0.9980949759483337,
   "00024.png": 0.9984738826751709,
   "00058.png": 0.9981659650802612,
   "00089.png": 0.998249888420105,
   "00023.png": 0.9990541338920593,
   "00032.png": 0.9985544085502625,
   "00035.png": 0.998241662979126,
   "00098.png": 0.9989554286003113,
   "00049.png": 0.9983733892440796,
   "00096.png": 0.9981341361999512,
   "00047.png": 0.9978896379470825,
   "00091.png": 0.998828113079071,
   "00040.png": 0.998437762260437,
   "00075.png": 0.9984397888183594,
   "00009.png": 0.9984066486358643,
   "00072.png": 0.9989759922027588,
   "00000.png": 0.9987705945968628,
   "00007.png": 0.9984015226364136
  },
  "PSNR": {
   "00036.png": 43.50638961791992,
   "00031.png": 42.73040008544922,
   "00092.png": 44.5338020324707,
   "00043.png": 42.06764602661133,
   "00038.png": 44.61376953125,
   "00095.png": 42.91529083251953,
   "00044.png": 44.005924224853516,
   "00071.png": 45.29323196411133,
   "00076.png": 42.64772033691406,
   "00078.png": 44.58219909667969,
   "00004.png": 42.78171157836914,
   "00003.png": 42.51111602783203,
   "00012.png": 44.005653381347656,
   "00069.png": 44.81962585449219,
   "00015.png": 44.052207946777344,
   "00067.png": 43.19215774536133,
   "00060.png": 41.670623779296875,
   "00029.png": 45.03238296508789,
   "00055.png": 42.86320114135742,
   "00084.png": 44.76827621459961,
   "00052.png": 44.288448333740234,
   "00083.png": 43.574527740478516,
   "00020.png": 43.33720397949219,
   "00027.png": 44.656558990478516,
   "00002.png": 44.3803825378418,
   "00079.png": 41.92317199707031,
   "00005.png": 44.06736373901367,
   "00077.png": 41.05482482910156,
   "00070.png": 44.37718200683594,
   "00039.png": 42.74211502075195,
   "00094.png": 41.472206115722656,
   "00045.png": 44.41648864746094,
   "00093.png": 43.3525276184082,
   "00042.png": 42.13035202026367,
   "00030.png": 43.04636001586914,
   "00037.png": 40.99755859375,
   "00026.png": 42.88905334472656,
   "00021.png": 42.01469039916992,
   "00053.png": 43.1051025390625,
   "00082.png": 42.384796142578125,
   "00028.png": 43.60894775390625,
   "00054.png": 41.11127471923828,
   "00085.png": 41.760440826416016,
   "00061.png": 43.036781311035156,
   "00066.png": 41.967491149902344,
   "00068.png": 44.90470886230469,
   "00014.png": 41.11560821533203,
   "00013.png": 44.32529830932617,
   "00022.png": 44.51320266723633,
   "00025.png": 43.95286178588867,
   "00059.png": 44.55504608154297,
   "00088.png": 42.13770294189453,
   "00057.png": 42.79866027832031,
   "00086.png": 44.20649719238281,
   "00050.png": 44.24038314819336,
   "00081.png": 42.73197555541992,
   "00065.png": 43.01787567138672,
   "00019.png": 44.1130485534668,
   "00062.png": 44.52043533325195,
   "00010.png": 41.333984375,
   "00017.png": 43.53196716308594,
   "00006.png": 43.953060150146484,
   "00001.png": 42.97084426879883,
   "00073.png": 43.47261428833008,
   "00074.png": 41.539859771728516,
   "00008.png": 43.67207336425781,
   "00090.png": 43.2573356628418,
   "00041.png": 43.719295501708984,
   "00097.png": 44.05355453491211,
   "00046.png": 42.16943359375,
   "00034.png": 43.54107666015625,
   "00099.png": 42.25602722167969,
   "00048.png": 42.921730041503906,
   "00033.png": 43.2662353515625,
   "00016.png": 42.891292572021484,
   "00011.png": 44.91557312011719,
   "00063.png": 44.33712387084961,
   "00064.png": 44.99763107299805,
   "00018.png": 43.061485290527344,
   "00051.png": 44.54574203491211,
   "00080.png": 42.95763397216797,
   "00056.png": 45.25373840332031,
   "00087.png": 42.00667953491211,
   "00024.png": 43.309600830078125,
   "00058.png": 41.65840530395508,
   "00089.png": 42.24758529663086,
   "00023.png": 45.194061279296875,
   "00032.png": 43.6025276184082,
   "00035.png": 42.564693450927734,
   "00098.png": 44.909629821777344,
   "00049.png": 42.454627990722656,
   "00096.png": 42.29967498779297,
   "00047.png": 40.94422912597656,
   "00091.png": 43.377769470214844,
   "00040.png": 42.69697189331055,
   "00075.png": 42.56248474121094,
   "00009.png": 42.2862434387207,
   "00072.png": 44.21577835083008,
   "00000.png": 44.087066650390625,
   "00007.png": 43.62266540527344
  },
  "LPIPS": {
   "00036.png": 0.00167099351529032,
   "00031.png": 0.0015763184055685997,
   "00092.png": 0.0016850498504936695,
   "00043.png": 0.0019569143187254667,
   "00038.png": 0.0013700531562790275,
   "00095.png": 0.0021450428757816553,
   "00044.png": 0.0013499247143045068,
   "00071.png": 0.0012422393774613738,
   "00076.png": 0.0021593475248664618,
   "00078.png": 0.0012953534023836255,
   "00004.png": 0.0016407060902565718,
   "00003.png": 0.0031255274079740047,
   "00012.png": 0.0011886231368407607,
   "00069.png": 0.001287325518205762,
   "00015.png": 0.0016677484381943941,
   "00067.png": 0.001797384349629283,
   "00060.png": 0.0021721520461142063,
   "00029.png": 0.0012202555080875754,
   "00055.png": 0.002190072787925601,
   "00084.png": 0.0011573699302971363,
   "00052.png": 0.001460545463487506,