{
 "ours_30000": {
  "SSIM": 0.9985234141349792,
  "PSNR": 43.280826568603516,
  "LPIPS": 0.0018134801648557186
 }
}