{
 "ours_30000": {
  "SSIM": 0.9919418096542358,
  "PSNR": 38.38312911987305,
  "LPIPS": 0.008125090971589088
 }
}