{
 "ours_30000": {
  "SSIM": {
   "00002.png": 0.9939252734184265,
   "00005.png": 0.9936782121658325,
   "00079.png": 0.9943296909332275,
   "00077.png": 0.9960615634918213,
   "00070.png": 0.9943569898605347,
   "00045.png": 0.9942338466644287,
   "00094.png": 0.9949178695678711,
   "00039.png": 0.9949872493743896,
   "00042.png": 0.9941660761833191,
   "00093.png": 0.9934839010238647,
   "00030.png": 0.9941660761833191,
   "00037.png": 0.9970046877861023,
   "00026.png": 0.9953505992889404,
   "00021.png": 0.9936889410018921,
   "00082.png": 0.9954090118408203,
   "00053.png": 0.9959534406661987,
   "00085.png": 0.994411826133728,
   "00054.png": 0.9954948425292969,
   "00028.png": 0.9945899248123169,
   "00061.png": 0.9932402968406677,
   "00066.png": 0.9954665899276733,
   "00014.png": 0.9972385764122009,
   "00068.png": 0.9943834543228149,
   "00013.png": 0.9939362406730652,
   "00036.png": 0.994769275188446,
   "00031.png": 0.9951969385147095,
   "00043.png": 0.9943915605545044,
   "00092.png": 0.995417594909668,
   "00044.png": 0.994213342666626,
   "00095.png": 0.9953338503837585,
   "00038.png": 0.9953691363334656,
   "00071.png": 0.9947783350944519,
   "00076.png": 0.9951848983764648,
   "00004.png": 0.9943193197250366,
   "00078.png": 0.994922399520874,
   "00003.png": 0.9941768646240234,
   "00012.png": 0.9939382076263428,
   "00015.png": 0.9936552047729492,
   "00069.png": 0.9952889680862427,
   "00067.png": 0.994437575340271,
   "00060.png": 0.9941934943199158,
   "00084.png": 0.9943053126335144,
   "00055.png": 0.9940875768661499,
   "00029.png": 0.99455726146698,
   "00083.png": 0.9940364360809326,
   "00052.png": 0.9940193891525269,
   "00020.png": 0.9942082762718201,
   "00027.png": 0.994104266166687,
   "00016.png": 0.9952000975608826,
   "00011.png": 0.9945952296257019,
   "00063.png": 0.9938980937004089,
   "00018.png": 0.995177149772644,
   "00064.png": 0.9954352378845215,
   "00080.png": 0.9935428500175476,
   "00051.png": 0.9948943853378296,
   "00087.png": 0.9936503171920776,
   "00056.png": 0.9953575134277344,
   "00089.png": 0.9951142072677612,
   "00058.png": 0.9941322803497314,
   "00024.png": 0.9941031336784363,
   "00023.png": 0.9947397112846375,
   "00032.png": 0.993630588054657,
   "00049.png": 0.9948538541793823,
   "00098.png": 0.9948698878288269,
   "00035.png": 0.992724597454071,
   "00047.png": 0.9970905780792236,
   "00096.png": 0.993107259273529,
   "00040.png": 0.994985044002533,
   "00091.png": 0.9951729774475098,
   "00009.png": 0.9952163696289062,
   "00075.png": 0.995154082775116,
   "00072.png": 0.9955493807792664,
   "00000.png": 0.9942024946212769,
   "00007.png": 0.9931499361991882,
   "00022.png": 0.9945620894432068,
   "00088.png": 0.9949581027030945,
   "00059.png": 0.9937894344329834,
   "00025.png": 0.9943239688873291,
   "00086.png": 0.9944972991943359,
   "00057.png": 0.9940809011459351,
   "00081.png": 0.9949902296066284,
   "00050.png": 0.9937757253646851,
   "00019.png": 0.9955891370773315,
   "00065.png": 0.9944815635681152,
   "00062.png": 0.9945197105407715,
   "00010.png": 0.9962022304534912,
   "00017.png": 0.9933566451072693,
   "00006.png": 0.9945799708366394,
   "00001.png": 0.9948198199272156,
   "00073.png": 0.9939135313034058,
   "00008.png": 0.9935135841369629,
   "00074.png": 0.9941824674606323,
   "00041.png": 0.9940613508224487,
   "00090.png": 0.9943029284477234,
   "00046.png": 0.993018388748169,
   "00097.png": 0.9942829012870789,
   "00048.png": 0.9954766035079956,
   "00099.png": 0.9949824213981628,
   "00034.png": 0.9956873655319214,
   "00033.png": 0.9936873912811279
  },
  "PSNR": {
   "00002.png": 39.269866943359375,
   "00005.png": 39.97283935546875,
   "00079.png": 40.446533203125,
   "00077.png": 42.40544128417969,
   "00070.png": 39.97175598144531,
   "00045.png": 39.495174407958984,
   "00094.png": 41.88007354736328,
   "00039.png": 40.90152359008789,
   "00042.png": 40.11026382446289,
   "00093.png": 40.291282653808594,
   "00030.png": 40.486141204833984,
   "00037.png": 44.449649810791016,
   "00026.png": 41.293663024902344,
   "00021.png": 40.10148620605469,
   "00082.png": 41.67162322998047,
   "00053.png": 40.494728088378906,
   "00085.png": 40.391212463378906,
   "00054.png": 42.492759704589844,
   "00028.png": 39.960147857666016,
   "00061.png": 39.073673248291016,
   "00066.png": 41.738792419433594,
   "00014.png": 44.543460845947266,
   "00068.png": 40.23332214355469,
   "00013.png": 40.27167892456055,
   "00036.png": 40.15093231201172,
   "00031.png": 41.2558708190918,
   "00043.png": 40.338401794433594,
   "00092.png": 40.09514617919922,
   "00044.png": 39.7859992980957,
   "00095.png": 41.06029510498047,
   "00038.png": 40.061988830566406,
   "00071.png": 40.43404006958008,
   "00076.png": 41.450721740722656,
   "00004.png": 39.6090202331543,
   "00078.png": 40.4133415222168,
   "00003.png": 39.11133575439453,
   "00012.png": 39.294151306152344,
   "00015.png": 39.187870025634766,
   "00069.png": 40.1231689453125,
   "00067.png": 41.15035629272461,
   "00060.png": 40.29439926147461,
   "00084.png": 40.17780685424805,
   "00055.png": 40.14735794067383,
   "00029.png": 40.364871978759766,
   "00083.png": 39.05242156982422,
   "00052.png": 40.39550018310547,
   "00020.png": 40.30583953857422,
   "00027.png": 40.03146743774414,
   "00016.png": 40.871116638183594,
   "00011.png": 40.568572998046875,
   "00063.png": 40.095252990722656,
   "00018.png": 40.95039749145508,
   "00064.png": 39.881126403808594,
   "00080.png": 39.70547103881836,
   "00051.png": 40.549930572509766,
   "00087.png": 40.634578704833984,
   "00056.png": 40.00917053222656,
   "00089.png": 41.102294921875,
   "00058.png": 40.62217712402344,
   "00024.png": 40.91722869873047,
   "00023.png": 39.65119934082031,
   "00032.png": 39.00479507446289,
   "00049.png": 40.79701232910156,
   "00098.png": 39.797691345214844,
   "00035.png": 39.01555633544922,
   "00047.png": 44.6381721496582,
   "00096.png": 39.32859420776367,
   "00040.png": 40.815242767333984,
   "00091.png": 40.710113525390625,
   "00009.png": 39.77943801879883,
   "00075.png": 41.1009635925293,
   "00072.png": 41.04690933227539,
   "00000.png": 39.38130569458008,
   "00007.png": 39.49870300292969,
   "00022.png": 40.130462646484375,
   "00088.png": 41.248573303222656,
   "00059.png": 40.069091796875,
   "00025.png": 39.878055572509766,
   "00086.png": 40.326419830322266,
   "00057.png": 40.9941291809082,
   "00081.png": 41.344268798828125,
   "00050.png": 39.684242248535156,
   "00019.png": 41.196537017822266,
   "00065.png": 39.71935272216797,
   "00062.png": 39.486595153808594,
   "00010.png": 42.446693420410156,
   "00017.png": 39.107601165771484,
   "00006.png": 40.06036376953125,
   "00001.png": 40.343162536621094,
   "00073.png": 40.0800666809082,
   "00008.png": 39.20401382446289,
   "00074.png": 40.506507873535156,
   "00041.png": 40.83662414550781,
   "00090.png": 39.88800048828125,
   "00046.png": 38.76315689086914,
   "00097.png": 40.46399688720703,
   "00048.png": 41.48821258544922,
   "00099.png": 41.80760955810547,
   "00034.png": 41.28105545043945,
   "00033.png": 40.11199188232422
  },
  "LPIPS": {
   "00002.png": 0.0059287054464221,
   "00005.png": 0.008787652477622032,
   "00079.png": 0.007942106574773788,
   "00077.png": 0.0055362507700920105,
   "00070.png": 0.007444898132234812,
   "00045.png": 0.0075280675664544106,
   "00094.png": 0.00632905587553978,
   "00039.png": 0.0064154136925935745,
   "00042.png": 0.0071813790127635,
   "00093.png": 0.009373145177960396,
   "00030.png": 0.00812862440943718,
   "00037.png": 0.004820948466658592,
   "00026.png": 0.005336334928870201,
   "00021.png": 0.007958784699440002,
   "00082.png": 0.006206698715686798,
   "00053.png": 0.0048873149789869785,
   "00085.png": 0.006853478029370308,
   "00054.png": 0.005293378606438637,
   "00028.png": 0.005293422378599644,
   "00061.png": 0.009351115673780441,
   "00066.png": 0.00559699721634388,