{
 "ours_30000": {
  "SSIM": 0.9945856332778931,
  "PSNR": 40.47179412841797,
  "LPIPS": 0.00676593417301774
 }
}