{
 "ours_30000": {
  "SSIM": 0.9965924024581909,
  "PSNR": 41.57789993286133,
  "LPIPS": 0.003252670867368579
 }
}