{
 "ours_30000": {
  "SSIM": 0.9979594349861145,
  "PSNR": 43.914066314697266,
  "LPIPS": 0.002170114079490304
 }
}