{
 "ours_30000": {
  "SSIM": {
   "00047.png": 0.9988846778869629,
   "00096.png": 0.9973692893981934,
   "00040.png": 0.998150110244751,
   "00091.png": 0.998238205909729,
   "00032.png": 0.9975908994674683,
   "00049.png": 0.9980666041374207,
   "00098.png": 0.9980874061584473,
   "00035.png": 0.9971507787704468,
   "00000.png": 0.9977874159812927,
   "00007.png": 0.9974141120910645,
   "00009.png": 0.9978821277618408,
   "00075.png": 0.9982085227966309,
   "00072.png": 0.9983670115470886,
   "00063.png": 0.9979316592216492,
   "00018.png": 0.9982142448425293,
   "00064.png": 0.9981240034103394,
   "00016.png": 0.9982491731643677,
   "00011.png": 0.9981023669242859,
   "00089.png": 0.9980330467224121,
   "00058.png": 0.9978381991386414,
   "00024.png": 0.9980045557022095,
   "00023.png": 0.9979934096336365,
   "00080.png": 0.9977748394012451,
   "00051.png": 0.9982810020446777,
   "00087.png": 0.9976614713668823,
   "00056.png": 0.998159646987915,
   "00073.png": 0.9980332255363464,
   "00008.png": 0.9973811507225037,
   "00074.png": 0.997828483581543,
   "00006.png": 0.9978594779968262,
   "00001.png": 0.9980267882347107,
   "00048.png": 0.9982118606567383,
   "00099.png": 0.9981365203857422,
   "00034.png": 0.9984239935874939,
   "00033.png": 0.9978502988815308,
   "00041.png": 0.997870147228241,
   "00090.png": 0.997881293296814,
   "00046.png": 0.9971475601196289,
   "00097.png": 0.9979428052902222,
   "00086.png": 0.9980971217155457,
   "00057.png": 0.9979307055473328,
   "00081.png": 0.9981109499931335,
   "00050.png": 0.9977073073387146,
   "00022.png": 0.9979877471923828,
   "00088.png": 0.9979392886161804,
   "00059.png": 0.9978296756744385,
   "00025.png": 0.9978665113449097,
   "00010.png": 0.9983879327774048,
   "00017.png": 0.9973913431167603,
   "00019.png": 0.9983587265014648,
   "00065.png": 0.9977094531059265,
   "00062.png": 0.9978761672973633,
   "00082.png": 0.9981741905212402,
   "00053.png": 0.9982649087905884,
   "00085.png": 0.9979339838027954,
   "00054.png": 0.998177170753479,
   "00028.png": 0.9979061484336853,
   "00026.png": 0.9982085227966309,
   "00021.png": 0.9978013038635254,
   "00014.png": 0.9986574649810791,
   "00068.png": 0.9980325698852539,
   "00013.png": 0.997776448726654,
   "00061.png": 0.9973966479301453,
   "00066.png": 0.998102605342865,
   "00077.png": 0.9984252452850342,
   "00070.png": 0.9979983568191528,
   "00002.png": 0.9976064562797546,
   "00005.png": 0.9977201223373413,
   "00079.png": 0.9978388547897339,
   "00030.png": 0.9976922869682312,
   "00037.png": 0.9987677931785583,
   "00045.png": 0.9978324174880981,
   "00094.png": 0.9979187846183777,
   "00039.png": 0.9981206655502319,
   "00042.png": 0.9977964162826538,
   "00093.png": 0.997789740562439,
   "00067.png": 0.9980177879333496,
   "00060.png": 0.9978427886962891,
   "00012.png": 0.9977114200592041,
   "00015.png": 0.9974559545516968,
   "00069.png": 0.9982640147209167,
   "00020.png": 0.9979094862937927,
   "00027.png": 0.9979724884033203,
   "00084.png": 0.9979912638664246,
   "00055.png": 0.9977223873138428,
   "00029.png": 0.9980015754699707,
   "00083.png": 0.9975594878196716,
   "00052.png": 0.9978398084640503,
   "00043.png": 0.9978957176208496,
   "00092.png": 0.9982644319534302,
   "00044.png": 0.9978961944580078,
   "00095.png": 0.9983353614807129,
   "00038.png": 0.9982541799545288,
   "00036.png": 0.9979323148727417,
   "00031.png": 0.9981539249420166,
   "00004.png": 0.9974106550216675,
   "00078.png": 0.9981982111930847,
   "00003.png": 0.9976342916488647,
   "00071.png": 0.9981693625450134,
   "00076.png": 0.9982201457023621
  },
  "PSNR": {
   "00047.png": 47.41038513183594,
   "00096.png": 42.80744934082031,
   "00040.png": 44.48371124267578,
   "00091.png": 44.68815612792969,
   "00032.png": 42.76123809814453,
   "00049.png": 44.13995361328125,
   "00098.png": 43.81660079956055,
   "00035.png": 42.00986862182617,
   "00000.png": 43.32052230834961,
   "00007.png": 42.793304443359375,
   "00009.png": 42.765750885009766,
   "00075.png": 44.471031188964844,
   "00072.png": 45.09992218017578,
   "00063.png": 44.00360107421875,
   "00018.png": 44.75953674316406,
   "00064.png": 43.1925048828125,
   "00016.png": 44.93806838989258,
   "00011.png": 44.13362121582031,
   "00089.png": 44.26713562011719,
   "00058.png": 43.859527587890625,
   "00024.png": 44.475379943847656,
   "00023.png": 43.47884750366211,
   "00080.png": 43.55733871459961,
   "00051.png": 44.22093963623047,
   "00087.png": 43.83281707763672,
   "00056.png": 43.560237884521484,
   "00073.png": 44.118675231933594,
   "00008.png": 42.7592887878418,
   "00074.png": 43.768646240234375,
   "00006.png": 43.49910354614258,
   "00001.png": 44.262245178222656,
   "00048.png": 44.438228607177734,
   "00099.png": 44.86149597167969,
   "00034.png": 45.17597961425781,
   "00033.png": 43.936973571777344,
   "00041.png": 44.00287628173828,
   "00090.png": 43.362003326416016,
   "00046.png": 42.39665603637695,
   "00097.png": 43.8571891784668,
   "00086.png": 43.88031005859375,
   "00057.png": 44.27936553955078,
   "00081.png": 44.601741790771484,
   "00050.png": 43.39756393432617,
   "00022.png": 43.5335693359375,
   "00088.png": 44.04515838623047,
   "00059.png": 43.697349548339844,
   "00025.png": 43.53997039794922,
   "00010.png": 45.17059326171875,
   "00017.png": 42.67966842651367,
   "00019.png": 45.1014518737793,
   "00065.png": 42.70446014404297,
   "00062.png": 43.324031829833984,
   "00082.png": 44.469966888427734,
   "00053.png": 43.35544204711914,
   "00085.png": 44.12510299682617,
   "00054.png": 45.10253143310547,
   "00028.png": 43.90345001220703,
   "00026.png": 44.459346771240234,
   "00021.png": 43.76113510131836,
   "00014.png": 46.750701904296875,
   "00068.png": 43.96141815185547,
   "00013.png": 43.69539260864258,
   "00061.png": 42.470279693603516,
   "00066.png": 44.35634231567383,
   "00077.png": 45.502418518066406,
   "00070.png": 43.61891174316406,
   "00002.png": 43.07716751098633,
   "00005.png": 43.2240104675293,
   "00079.png": 43.441463470458984,
   "00030.png": 43.69666290283203,
   "00037.png": 46.917701721191406,
   "00045.png": 43.381954193115234,
   "00094.png": 44.605655670166016,
   "00039.png": 44.16713333129883,
   "00042.png": 43.515869140625,
   "00093.png": 43.87553405761719,
   "00067.png": 44.367679595947266,
   "00060.png": 43.96287536621094,
   "00012.png": 42.77132034301758,
   "00015.png": 42.78038024902344,
   "00069.png": 44.10553741455078,
   "00020.png": 43.61815643310547,
   "00027.png": 44.00413131713867,
   "00084.png": 43.841670989990234,
   "00055.png": 43.34878921508789,
   "00029.png": 43.88546371459961,
   "00083.png": 42.49272918701172,
   "00052.png": 43.687442779541016,
   "00043.png": 43.55896759033203,
   "00092.png": 43.9308967590332,
   "00044.png": 43.238739013671875,
   "00095.png": 45.20378112792969,
   "00038.png": 43.924339294433594,
   "00036.png": 43.957908630371094,
   "00031.png": 44.225746154785156,
   "00004.png": 42.6661491394043,
   "00078.png": 43.926002502441406,
   "00003.png": 42.37887954711914,
   "00071.png": 44.10956954956055,
   "00076.png": 44.74235153198242
  },
  "LPIPS": {
   "00047.png": 0.0014309344114735723,
   "00096.png": 0.002740320051088929,
   "00040.png": 0.0017738391179591417,
   "00091.png": 0.0018166117370128632,
   "00032.png": 0.0026138508692383766,
   "00049.png": 0.0019535189494490623,
   "00098.png": 0.0014718429883942008,
   "00035.png": 0.002666889224201441,
   "00000.png": 0.00199605873785913,
   "00007.png": 0.0031691757030785084,
   "00009.png": 0.0030636778101325035,
   "00075.png": 0.0017906584544107318,
   "00072.png": 0.0017703240737318993,
   "00063.png": 0.0022088922560214996,
   "00018.png": 0.002614187076687813,
   "00064.png": 0.0017925825668498874,
   "00016.png": 0.001638197572901845,
   "00011.png": 0.0017552771605551243,
   "00089.png": 0.001915874658152461,
   "00058.png": 0.0018209738191217184,
   "00024.png": 0.0025998023338615894,