{
 "ours_30000": {
  "SSIM": 0.9826141595840454,
  "PSNR": 35.382530212402344,
  "LPIPS": 0.021772222593426704
 }
}