{
 "ours_30000": {
  "SSIM": {
   "00034.png": 0.9884923696517944,
   "00048.png": 0.9906577467918396,
   "00099.png": 0.9883475303649902,
   "00033.png": 0.9846999645233154,
   "00041.png": 0.9861850738525391,
   "00090.png": 0.9866958856582642,
   "00046.png": 0.9862095713615417,
   "00097.png": 0.9861345291137695,
   "00073.png": 0.9849373698234558,
   "00074.png": 0.9868075251579285,
   "00008.png": 0.9851700067520142,
   "00006.png": 0.9875088930130005,
   "00001.png": 0.9872586131095886,
   "00010.png": 0.9921433329582214,
   "00017.png": 0.9844912886619568,
   "00065.png": 0.9880687594413757,
   "00019.png": 0.9879908561706543,
   "00062.png": 0.9846715927124023,
   "00086.png": 0.9858747720718384,
   "00057.png": 0.9867480993270874,
   "00081.png": 0.9890903234481812,
   "00050.png": 0.9850236177444458,
   "00022.png": 0.9854606986045837,
   "00025.png": 0.9874777793884277,
   "00088.png": 0.989641547203064,
   "00059.png": 0.9856733679771423,
   "00000.png": 0.984533965587616,
   "00007.png": 0.9848939180374146,
   "00075.png": 0.988071620464325,
   "00009.png": 0.9895607829093933,
   "00072.png": 0.9875859022140503,
   "00047.png": 0.993583619594574,
   "00096.png": 0.9851866960525513,
   "00040.png": 0.9877384901046753,
   "00091.png": 0.9873137474060059,
   "00032.png": 0.9843623042106628,
   "00035.png": 0.9845597147941589,
   "00049.png": 0.9874354600906372,
   "00098.png": 0.9855403900146484,
   "00024.png": 0.9858214259147644,
   "00089.png": 0.9890669584274292,
   "00058.png": 0.9867243766784668,
   "00023.png": 0.9853441119194031,
   "00080.png": 0.9850643873214722,
   "00051.png": 0.9859220385551453,
   "00087.png": 0.9857609272003174,
   "00056.png": 0.9876134395599365,
   "00063.png": 0.9852803945541382,
   "00064.png": 0.9886614680290222,
   "00018.png": 0.9873926043510437,
   "00016.png": 0.9871761798858643,
   "00011.png": 0.985617995262146,
   "00020.png": 0.985658586025238,
   "00027.png": 0.9854574203491211,
   "00029.png": 0.9852863550186157,
   "00084.png": 0.985698938369751,
   "00055.png": 0.9867407083511353,
   "00083.png": 0.9856114387512207,
   "00052.png": 0.9854649305343628,
   "00067.png": 0.9867731928825378,
   "00060.png": 0.9862910509109497,
   "00012.png": 0.9843654632568359,
   "00069.png": 0.986809492111206,
   "00015.png": 0.985796332359314,
   "00078.png": 0.9857799410820007,
   "00004.png": 0.9879310131072998,
   "00003.png": 0.9870133399963379,
   "00071.png": 0.9857217669487,
   "00076.png": 0.989095151424408,
   "00043.png": 0.9868969917297363,
   "00092.png": 0.9872576594352722,
   "00038.png": 0.9874095916748047,
   "00044.png": 0.9863469004631042,
   "00095.png": 0.9876400232315063,
   "00036.png": 0.9867474436759949,
   "00031.png": 0.9887087345123291,
   "00068.png": 0.9855227470397949,
   "00014.png": 0.9951316118240356,
   "00013.png": 0.9857053756713867,
   "00061.png": 0.9851195812225342,
   "00066.png": 0.9906651973724365,
   "00082.png": 0.9905750155448914,
   "00053.png": 0.9914050102233887,
   "00028.png": 0.9864301681518555,
   "00085.png": 0.9862852096557617,
   "00054.png": 0.9899133443832397,
   "00026.png": 0.9890531301498413,
   "00021.png": 0.9849876165390015,
   "00030.png": 0.9870070219039917,
   "00037.png": 0.9931530952453613,
   "00039.png": 0.988102912902832,
   "00045.png": 0.9851045608520508,
   "00094.png": 0.9896447062492371,
   "00042.png": 0.9861711263656616,
   "00093.png": 0.9848051071166992,
   "00077.png": 0.9915827512741089,
   "00070.png": 0.9864515066146851,
   "00002.png": 0.9861049652099609,
   "00079.png": 0.9876310229301453,
   "00005.png": 0.9856516122817993
  },
  "PSNR": {
   "00034.png": 37.31364440917969,
   "00048.png": 38.46626663208008,
   "00099.png": 38.63045883178711,
   "00033.png": 37.009788513183594,
   "00041.png": 37.83095169067383,
   "00090.png": 36.75235366821289,
   "00046.png": 36.356414794921875,
   "00097.png": 37.17094039916992,
   "00073.png": 36.80487060546875,
   "00074.png": 37.31569290161133,
   "00008.png": 36.495323181152344,
   "00006.png": 36.738014221191406,
   "00001.png": 36.78178787231445,
   "00010.png": 39.42145919799805,
   "00017.png": 36.24551773071289,
   "00065.png": 36.66965103149414,
   "00019.png": 37.10337829589844,
   "00062.png": 36.048282623291016,
   "00086.png": 36.95085144042969,
   "00057.png": 38.148338317871094,
   "00081.png": 38.3913459777832,
   "00050.png": 36.50568389892578,
   "00022.png": 36.51858901977539,
   "00025.png": 36.819679260253906,
   "00088.png": 38.48558807373047,
   "00059.png": 37.188480377197266,
   "00000.png": 36.10478210449219,
   "00007.png": 36.72724533081055,
   "00075.png": 37.70508575439453,
   "00009.png": 36.88123321533203,
   "00072.png": 36.91648483276367,
   "00047.png": 41.553646087646484,
   "00096.png": 36.31051254272461,
   "00040.png": 37.108890533447266,
   "00091.png": 36.76268768310547,
   "00032.png": 36.13802719116211,
   "00035.png": 36.48042297363281,
   "00049.png": 37.271846771240234,
   "00098.png": 36.26228713989258,
   "00024.png": 37.786415100097656,
   "00089.png": 37.951988220214844,
   "00058.png": 37.453269958496094,
   "00023.png": 36.085426330566406,
   "00080.png": 36.60496520996094,
   "00051.png": 36.89942932128906,
   "00087.png": 37.75791549682617,
   "00056.png": 36.597747802734375,
   "00063.png": 36.999603271484375,
   "00064.png": 36.73443603515625,
   "00018.png": 37.034423828125,
   "00016.png": 36.91074752807617,
   "00011.png": 36.99174499511719,
   "00020.png": 36.99481964111328,
   "00027.png": 36.814910888671875,
   "00029.png": 36.75217056274414,
   "00084.png": 36.874229431152344,
   "00055.png": 37.218509674072266,
   "00083.png": 36.18645477294922,
   "00052.png": 37.029937744140625,
   "00067.png": 37.88756561279297,
   "00060.png": 36.968116760253906,
   "00012.png": 36.01873779296875,
   "00069.png": 36.549293518066406,
   "00015.png": 36.17173767089844,
   "00078.png": 36.720191955566406,
   "00004.png": 36.490821838378906,
   "00003.png": 36.47190856933594,
   "00071.png": 36.778343200683594,
   "00076.png": 38.34614181518555,
   "00043.png": 37.19425582885742,
   "00092.png": 36.67732620239258,
   "00038.png": 36.66905975341797,
   "00044.png": 36.86463928222656,
   "00095.png": 37.104400634765625,
   "00036.png": 36.46974182128906,
   "00031.png": 37.98889923095703,
   "00068.png": 36.90355682373047,
   "00014.png": 41.69091796875,
   "00013.png": 37.07840347290039,
   "00061.png": 36.32236862182617,
   "00066.png": 38.99281311035156,
   "00082.png": 38.83172607421875,
   "00053.png": 37.5968132019043,
   "00028.png": 36.387020111083984,
   "00085.png": 36.79835510253906,
   "00054.png": 39.2170295715332,
   "00026.png": 37.77253723144531,
   "00021.png": 36.7612419128418,
   "00030.png": 37.55146408081055,
   "00037.png": 41.15974807739258,
   "00039.png": 37.4796028137207,
   "00045.png": 36.23460006713867,
   "00094.png": 39.23120880126953,
   "00042.png": 36.836830139160156,
   "00093.png": 37.28499984741211,
   "00077.png": 39.164493560791016,
   "00070.png": 36.97397232055664,
   "00002.png": 36.18798065185547,
   "00079.png": 37.60001754760742,
   "00005.png": 37.17847442626953
  },
  "LPIPS": {
   "00034.png": 0.017617851495742798,
   "00048.png": 0.01656024158000946,
   "00099.png": 0.021122336387634277,
   "00033.png": 0.025199517607688904,
   "00041.png": 0.025694189593195915,
   "00090.png": 0.01905379444360733,
   "00046.png": 0.01865326799452305,
   "00097.png": 0.02285991981625557,
   "00073.png": 0.02467176504433155,
   "00074.png": 0.022511325776576996,
   "00008.png": 0.023777902126312256,
   "00006.png": 0.017657700926065445,
   "00001.png": 0.018563833087682724,
   "00010.png": 0.014879072085022926,
   "00017.png": 0.023528072983026505,
   "00065.png": 0.016606707125902176,
   "00019.png": 0.01773175224661827,
   "00062.png": 0.022526074200868607,
   "00086.png": 0.022102613002061844,
   "00057.png": 0.025296958163380623,
   "00081.png": 0.02016792818903923,
   "00050.png": 0.023043889552354813,