{
 "ours_30000": {
  "SSIM": 0.9870597720146179,
  "PSNR": 37.24673080444336,
  "LPIPS": 0.020688913762569427
 }
}