{
 "ours_30000": {
  "SSIM": 0.9916082620620728,
  "PSNR": 38.146705627441406,
  "LPIPS": 0.008524267002940178
 }
}