{
 "ours_30000": {
  "SSIM": 0.9940733313560486,
  "PSNR": 39.920772552490234,
  "LPIPS": 0.007478677202016115
 }
}