{
 "ours_30000": {
  "SSIM": {
   "00031.png": 0.9943694472312927,
   "00036.png": 0.9941815137863159,
   "00044.png": 0.9941622018814087,
   "00095.png": 0.9947205781936646,
   "00038.png": 0.9951406717300415,
   "00043.png": 0.9936608076095581,
   "00092.png": 0.9951421618461609,
   "00076.png": 0.9941694140434265,
   "00071.png": 0.9942705631256104,
   "00003.png": 0.9938995242118835,
   "00004.png": 0.9940983653068542,
   "00078.png": 0.9942892789840698,
   "00015.png": 0.9934455752372742,
   "00069.png": 0.9949914216995239,
   "00012.png": 0.9936336278915405,
   "00060.png": 0.9936989545822144,
   "00067.png": 0.993728518486023,
   "00083.png": 0.9937189817428589,
   "00052.png": 0.9934064149856567,
   "00084.png": 0.9938403964042664,
   "00055.png": 0.9933427572250366,
   "00029.png": 0.9939922094345093,
   "00027.png": 0.9936332702636719,
   "00020.png": 0.9934506416320801,
   "00005.png": 0.9933292269706726,
   "00079.png": 0.9935829639434814,
   "00002.png": 0.9936162233352661,
   "00070.png": 0.9942969083786011,
   "00077.png": 0.995292067527771,
   "00042.png": 0.9932852983474731,
   "00093.png": 0.9931182861328125,
   "00045.png": 0.9939159154891968,
   "00094.png": 0.9943369626998901,
   "00039.png": 0.9943496584892273,
   "00037.png": 0.9964374303817749,
   "00030.png": 0.993395209312439,
   "00021.png": 0.9934161901473999,
   "00026.png": 0.9945807456970215,
   "00085.png": 0.9938952326774597,
   "00054.png": 0.99456787109375,
   "00028.png": 0.9941465258598328,
   "00082.png": 0.994583249092102,
   "00053.png": 0.995515763759613,
   "00066.png": 0.9949624538421631,
   "00061.png": 0.9928029775619507,
   "00013.png": 0.9932944178581238,
   "00014.png": 0.9966956377029419,
   "00068.png": 0.9939700961112976,
   "00088.png": 0.9943056106567383,
   "00059.png": 0.9935418367385864,
   "00025.png": 0.9938032627105713,
   "00022.png": 0.9940592646598816,
   "00081.png": 0.9941172003746033,
   "00050.png": 0.9935504794120789,
   "00086.png": 0.99383544921875,
   "00057.png": 0.9935354590415955,
   "00062.png": 0.9940637946128845,
   "00019.png": 0.9951823949813843,
   "00065.png": 0.9938740134239197,
   "00017.png": 0.9927859306335449,
   "00010.png": 0.9955943822860718,
   "00001.png": 0.9943008422851562,
   "00006.png": 0.9939980506896973,
   "00008.png": 0.9932427406311035,
   "00074.png": 0.9936623573303223,
   "00073.png": 0.9936096668243408,
   "00046.png": 0.9930160045623779,
   "00097.png": 0.9935406446456909,
   "00041.png": 0.99347323179245,
   "00090.png": 0.9940896034240723,
   "00033.png": 0.9934038519859314,
   "00048.png": 0.9946087598800659,
   "00099.png": 0.9941193461418152,
   "00034.png": 0.995119571685791,
   "00011.png": 0.994047999382019,
   "00016.png": 0.9944214820861816,
   "00018.png": 0.9945480823516846,
   "00064.png": 0.9952816963195801,
   "00063.png": 0.9936785697937012,
   "00087.png": 0.9930515289306641,
   "00056.png": 0.9952329397201538,
   "00080.png": 0.9933037757873535,
   "00051.png": 0.9943552017211914,
   "00023.png": 0.9944124221801758,
   "00089.png": 0.9941424131393433,
   "00058.png": 0.9937155246734619,
   "00024.png": 0.993585467338562,
   "00049.png": 0.9941131472587585,
   "00098.png": 0.994586169719696,
   "00035.png": 0.9920927286148071,
   "00032.png": 0.993144690990448,
   "00040.png": 0.9945105314254761,
   "00091.png": 0.9946295619010925,
   "00047.png": 0.9965523481369019,
   "00096.png": 0.9925163984298706,
   "00072.png": 0.9949862360954285,
   "00009.png": 0.9949466586112976,
   "00075.png": 0.9944164156913757,
   "00007.png": 0.992426872253418,
   "00000.png": 0.9938368797302246
  },
  "PSNR": {
   "00031.png": 40.48854446411133,
   "00036.png": 39.56768035888672,
   "00044.png": 39.8301887512207,
   "00095.png": 40.25832748413086,
   "00038.png": 39.772682189941406,
   "00043.png": 39.49884033203125,
   "00092.png": 39.787841796875,
   "00076.png": 40.331809997558594,
   "00071.png": 39.93860626220703,
   "00003.png": 38.89776611328125,
   "00004.png": 39.26366424560547,
   "00078.png": 39.819091796875,
   "00015.png": 38.84436798095703,
   "00069.png": 39.78018569946289,
   "00012.png": 38.9846305847168,
   "00060.png": 39.77648162841797,
   "00067.png": 40.56535720825195,
   "00083.png": 38.68023681640625,
   "00052.png": 39.75150680541992,
   "00084.png": 39.740699768066406,
   "00055.png": 39.53746795654297,
   "00029.png": 39.894962310791016,
   "00027.png": 39.55206298828125,
   "00020.png": 39.63032913208008,
   "00005.png": 39.686946868896484,
   "00079.png": 39.817344665527344,
   "00002.png": 38.942230224609375,
   "00070.png": 39.991554260253906,
   "00077.png": 41.279441833496094,
   "00042.png": 39.114837646484375,
   "00093.png": 39.99062728881836,
   "00045.png": 39.3217887878418,
   "00094.png": 41.33832931518555,
   "00039.png": 40.10334777832031,
   "00037.png": 43.479766845703125,
   "00030.png": 40.060325622558594,
   "00021.png": 39.83775329589844,
   "00026.png": 40.265594482421875,
   "00085.png": 39.670249938964844,
   "00054.png": 41.65242004394531,
   "00028.png": 39.47246551513672,
   "00082.png": 40.6875,
   "00053.png": 39.786842346191406,
   "00066.png": 41.13813781738281,
   "00061.png": 38.767608642578125,
   "00013.png": 39.8526611328125,
   "00014.png": 43.59690856933594,
   "00068.png": 39.905059814453125,
   "00088.png": 40.46393585205078,
   "00059.png": 39.87469482421875,
   "00025.png": 39.33512878417969,
   "00022.png": 39.59033203125,
   "00081.png": 40.32561492919922,
   "00050.png": 39.24751663208008,
   "00086.png": 39.73361587524414,
   "00057.png": 40.573890686035156,
   "00062.png": 39.21345138549805,
   "00019.png": 40.545753479003906,
   "00065.png": 38.90107345581055,
   "00017.png": 38.818016052246094,
   "00010.png": 41.64608383178711,
   "00001.png": 39.78973388671875,
   "00006.png": 39.44073486328125,
   "00008.png": 39.11870574951172,
   "00074.png": 39.929405212402344,
   "00073.png": 39.581642150878906,
   "00046.png": 38.71810531616211,
   "00097.png": 39.7519645690918,
   "00041.png": 40.37998962402344,
   "00090.png": 39.607810974121094,
   "00033.png": 39.84398651123047,
   "00048.png": 40.49274444580078,
   "00099.png": 41.037445068359375,
   "00034.png": 40.389041900634766,
   "00011.png": 40.05329513549805,
   "00016.png": 39.90113067626953,
   "00018.png": 40.23793029785156,
   "00064.png": 39.568634033203125,
   "00063.png": 39.82186508178711,
   "00087.png": 40.108123779296875,
   "00056.png": 39.81521987915039,
   "00080.png": 39.21615982055664,
   "00051.png": 39.977783203125,
   "00023.png": 39.31675338745117,
   "00089.png": 40.171485900878906,
   "00058.png": 40.14027404785156,
   "00024.png": 40.44952392578125,
   "00049.png": 39.926082611083984,
   "00098.png": 39.59882736206055,
   "00035.png": 38.55895233154297,
   "00032.png": 38.718544006347656,
   "00040.png": 40.14938735961914,
   "00091.png": 39.88478088378906,
   "00047.png": 43.54000473022461,
   "00096.png": 38.622352600097656,
   "00072.png": 40.218780517578125,
   "00009.png": 39.305908203125,
   "00075.png": 40.350563049316406,
   "00007.png": 38.968624114990234,
   "00000.png": 39.15287780761719
  },
  "LPIPS": {
   "00031.png": 0.007745820097625256,
   "00036.png": 0.006308067124336958,
   "00044.png": 0.007446754723787308,
   "00095.png": 0.006375467870384455,
   "00038.png": 0.006104702595621347,
   "00043.png": 0.00815332867205143,
   "00092.png": 0.006274406798183918,
   "00076.png": 0.007877335883677006,
   "00071.png": 0.007970108650624752,
   "00003.png": 0.006223889067769051,
   "00004.png": 0.006266416050493717,
   "00078.png": 0.008571380749344826,
   "00015.png": 0.006385624408721924,
   "00069.png": 0.005947650410234928,
   "00012.png": 0.008087290450930595,
   "00060.png": 0.007651409134268761,
   "00067.png": 0.008948107250034809,
   "00083.png": 0.0067591541446745396,
   "00052.png": 0.008493233472108841,
   "00084.png": 0.008543972857296467,
   "00055.png": 0.008769823238253593,
   "00029.png": 0.00864337757229805,