{
 "ours_30000": {
  "SSIM": 0.9996681809425354,
  "PSNR": 50.62191390991211,
  "LPIPS": 0.0004235341039020568
 }
}