{
 "ours_30000": {
  "SSIM": 0.996458888053894,
  "PSNR": 41.35224533081055,
  "LPIPS": 0.0033973800018429756
 }
}