{
 "ours_30000": {
  "SSIM": 0.9977632761001587,
  "PSNR": 43.42461395263672,
  "LPIPS": 0.002369289519265294
 }
}