{
 "ours_30000": {
  "SSIM": {
   "00073.png": 0.9978851079940796,
   "00074.png": 0.997663676738739,
   "00008.png": 0.9973129034042358,
   "00006.png": 0.9976811408996582,
   "00001.png": 0.9978381991386414,
   "00034.png": 0.9982689619064331,
   "00099.png": 0.9978690147399902,
   "00048.png": 0.9978350400924683,
   "00033.png": 0.99770587682724,
   "00090.png": 0.9977631568908691,
   "00041.png": 0.9976638555526733,
   "00097.png": 0.9976471662521362,
   "00046.png": 0.9969533681869507,
   "00057.png": 0.9976837038993835,
   "00086.png": 0.9978243112564087,
   "00050.png": 0.9976417422294617,
   "00081.png": 0.9978854060173035,
   "00022.png": 0.9978458285331726,
   "00025.png": 0.9976644515991211,
   "00059.png": 0.9976457357406616,
   "00088.png": 0.9976257681846619,
   "00010.png": 0.9981414675712585,
   "00017.png": 0.9972946047782898,
   "00065.png": 0.9974882006645203,
   "00019.png": 0.998231053352356,
   "00062.png": 0.9978834390640259,
   "00096.png": 0.9971186518669128,
   "00047.png": 0.9986278414726257,
   "00091.png": 0.9980564117431641,
   "00040.png": 0.9978914260864258,
   "00032.png": 0.9974972605705261,
   "00035.png": 0.9969179034233093,
   "00098.png": 0.9980173110961914,
   "00049.png": 0.9977596998214722,
   "00000.png": 0.9977864027023315,
   "00007.png": 0.9971750974655151,
   "00075.png": 0.9978485107421875,
   "00009.png": 0.9976292848587036,
   "00072.png": 0.9982797503471375,
   "00063.png": 0.9977466464042664,
   "00064.png": 0.9981352090835571,
   "00018.png": 0.998032808303833,
   "00016.png": 0.9980589747428894,
   "00011.png": 0.9979321360588074,
   "00024.png": 0.9977061748504639,
   "00058.png": 0.997539222240448,
   "00089.png": 0.9977580308914185,
   "00023.png": 0.997948408126831,
   "00051.png": 0.9981057643890381,
   "00080.png": 0.9975293874740601,
   "00056.png": 0.9981243014335632,
   "00087.png": 0.9973270297050476,
   "00067.png": 0.9978225231170654,
   "00060.png": 0.9977484941482544,
   "00012.png": 0.9975783228874207,
   "00069.png": 0.9981921911239624,
   "00015.png": 0.9974016547203064,
   "00020.png": 0.9975895285606384,
   "00027.png": 0.9978518486022949,
   "00029.png": 0.9979240894317627,
   "00055.png": 0.9974892139434814,
   "00084.png": 0.9978476762771606,
   "00052.png": 0.997523307800293,
   "00083.png": 0.9975342750549316,
   "00092.png": 0.9982185363769531,
   "00043.png": 0.9975260496139526,
   "00038.png": 0.9981939196586609,
   "00095.png": 0.9981472492218018,
   "00044.png": 0.9978100657463074,
   "00036.png": 0.9978203177452087,
   "00031.png": 0.9978440999984741,
   "00078.png": 0.9980653524398804,
   "00004.png": 0.9972941279411316,
   "00003.png": 0.9974610805511475,
   "00071.png": 0.9980788230895996,
   "00076.png": 0.9978762865066528,
   "00053.png": 0.9980351328849792,
   "00082.png": 0.9977302551269531,
   "00028.png": 0.9977407455444336,
   "00054.png": 0.997893214225769,
   "00085.png": 0.9977115392684937,
   "00026.png": 0.997916579246521,
   "00021.png": 0.9976255297660828,
   "00068.png": 0.9978160858154297,
   "00014.png": 0.9983150959014893,
   "00013.png": 0.9975433349609375,
   "00061.png": 0.9971860647201538,
   "00066.png": 0.9978717565536499,
   "00077.png": 0.998140275478363,
   "00070.png": 0.9979440569877625,
   "00002.png": 0.9974738955497742,
   "00079.png": 0.9974735975265503,
   "00005.png": 0.9975358247756958,
   "00030.png": 0.9974543452262878,
   "00037.png": 0.9985553026199341,
   "00039.png": 0.9978125095367432,
   "00094.png": 0.9976586699485779,
   "00045.png": 0.9977042078971863,
   "00093.png": 0.9974383115768433,
   "00042.png": 0.9974197149276733
  },
  "PSNR": {
   "00073.png": 43.78608703613281,
   "00074.png": 43.47785568237305,
   "00008.png": 42.48399353027344,
   "00006.png": 42.99482727050781,
   "00001.png": 43.69495391845703,
   "00034.png": 44.781822204589844,
   "00099.png": 44.27198791503906,
   "00048.png": 43.528831481933594,
   "00033.png": 43.59153366088867,
   "00090.png": 43.01518249511719,
   "00041.png": 43.636322021484375,
   "00097.png": 43.2237434387207,
   "00046.png": 42.064483642578125,
   "00057.png": 43.75096893310547,
   "00086.png": 43.38785171508789,
   "00050.png": 43.19646453857422,
   "00081.png": 43.79742431640625,
   "00022.png": 43.056522369384766,
   "00025.png": 42.97434997558594,
   "00059.png": 43.25994873046875,
   "00088.png": 43.171539306640625,
   "00010.png": 44.45759201049805,
   "00017.png": 42.26813507080078,
   "00065.png": 42.29652786254883,
   "00019.png": 44.662818908691406,
   "00062.png": 43.214439392089844,
   "00096.png": 42.37937927246094,
   "00047.png": 46.1171760559082,
   "00091.png": 44.28504943847656,
   "00040.png": 43.96572494506836,
   "00032.png": 42.46467971801758,
   "00035.png": 41.617530822753906,
   "00098.png": 43.540225982666016,
   "00049.png": 43.441200256347656,
   "00000.png": 43.13309097290039,
   "00007.png": 42.467132568359375,
   "00075.png": 43.57427215576172,
   "00009.png": 42.11359405517578,
   "00072.png": 44.76215744018555,
   "00063.png": 43.575401306152344,
   "00064.png": 43.03350830078125,
   "00018.png": 44.27054977416992,
   "00016.png": 44.37238311767578,
   "00011.png": 43.81036376953125,
   "00024.png": 43.7313117980957,
   "00058.png": 43.18585968017578,
   "00089.png": 43.54013442993164,
   "00023.png": 43.2026252746582,
   "00051.png": 43.74982452392578,
   "00080.png": 43.162933349609375,
   "00056.png": 43.38203430175781,
   "00087.png": 43.21437454223633,
   "00067.png": 43.92817687988281,
   "00060.png": 43.573944091796875,
   "00012.png": 42.36899948120117,
   "00069.png": 43.68004608154297,
   "00015.png": 42.72495651245117,
   "00020.png": 42.978309631347656,
   "00027.png": 43.69197082519531,
   "00029.png": 43.804290771484375,
   "00055.png": 42.91261291503906,
   "00084.png": 43.48613357543945,
   "00052.png": 43.161712646484375,
   "00083.png": 42.1713981628418,
   "00092.png": 43.61967086791992,
   "00043.png": 42.73771667480469,
   "00038.png": 43.53147506713867,
   "00095.png": 44.51790237426758,
   "00044.png": 43.08226013183594,
   "00036.png": 43.578495025634766,
   "00031.png": 43.567359924316406,
   "00078.png": 43.73672866821289,
   "00004.png": 42.4549560546875,
   "00003.png": 41.92927551269531,
   "00071.png": 43.86814880371094,
   "00076.png": 43.613529205322266,
   "00053.png": 42.543296813964844,
   "00082.png": 43.645938873291016,
   "00028.png": 43.56022644042969,
   "00054.png": 44.48798370361328,
   "00085.png": 43.599517822265625,
   "00026.png": 43.80531692504883,
   "00021.png": 43.507850646972656,
   "00068.png": 43.47299575805664,
   "00014.png": 45.45100784301758,
   "00013.png": 43.25111389160156,
   "00061.png": 42.17963790893555,
   "00066.png": 44.01836395263672,
   "00077.png": 44.550376892089844,
   "00070.png": 43.45026397705078,
   "00002.png": 42.85790252685547,
   "00079.png": 42.80094909667969,
   "00005.png": 42.87800598144531,
   "00030.png": 43.22624969482422,
   "00037.png": 46.06224060058594,
   "00039.png": 43.45982360839844,
   "00094.png": 44.063751220703125,
   "00045.png": 42.9880485534668,
   "00093.png": 43.06717300415039,
   "00042.png": 42.674560546875
  },
  "LPIPS": {
   "00073.png": 0.0022475377190858126,
   "00074.png": 0.002597526181489229,
   "00008.png": 0.002370066475123167,
   "00006.png": 0.002472697524353862,
   "00001.png": 0.0019155917689204216,
   "00034.png": 0.0016018233727663755,
   "00099.png": 0.0020576592069119215,
   "00048.png": 0.002087119035422802,
   "00033.png": 0.002257926855236292,
   "00090.png": 0.0025298134423792362,
   "00041.png": 0.002780296839773655,
   "00097.png": 0.002299778163433075,
   "00046.png": 0.0035415233578532934,
   "00057.png": 0.0023792199790477753,
   "00086.png": 0.002087161410599947,
   "00050.png": 0.0027281809598207474,
   "00081.png": 0.002201849827542901,
   "00022.png": 0.0022522425279021263,
   "00025.png": 0.0028728903271257877,
   "00059.png": 0.0027085398323833942,
   "00088.png": 0.002516618464142084,