{
 "ours_30000": {
  "SSIM": 0.9804880619049072,
  "PSNR": 34.347373962402344,
  "LPIPS": 0.0247388556599617
 }
}