{
 "ours_30000": {
  "SSIM": {
   "00011.png": 0.9837503433227539,
   "00016.png": 0.9853401184082031,
   "00064.png": 0.9872319102287292,
   "00018.png": 0.9855849146842957,
   "00063.png": 0.982816219329834,
   "00087.png": 0.9828680753707886,
   "00056.png": 0.9863536357879639,
   "00080.png": 0.9822246432304382,
   "00051.png": 0.9841253757476807,
   "00023.png": 0.9842931628227234,
   "00024.png": 0.9833331108093262,
   "00089.png": 0.9867503046989441,
   "00058.png": 0.9838570356369019,
   "00035.png": 0.9816569685935974,
   "00049.png": 0.9843062162399292,
   "00098.png": 0.9846867322921753,
   "00032.png": 0.9821867942810059,
   "00040.png": 0.9853031635284424,
   "00091.png": 0.9848617911338806,
   "00047.png": 0.9915026426315308,
   "00096.png": 0.9817153215408325,
   "00072.png": 0.9855469465255737,
   "00075.png": 0.9852492809295654,
   "00009.png": 0.9879260063171387,
   "00007.png": 0.9817177653312683,
   "00000.png": 0.9830813407897949,
   "00025.png": 0.9844112396240234,
   "00088.png": 0.9867247343063354,
   "00059.png": 0.9831177592277527,
   "00022.png": 0.9836565256118774,
   "00081.png": 0.9861292839050293,
   "00050.png": 0.9825823307037354,
   "00086.png": 0.9835982322692871,
   "00057.png": 0.9836844205856323,
   "00062.png": 0.9835963249206543,
   "00065.png": 0.9853082895278931,
   "00019.png": 0.9860419034957886,
   "00017.png": 0.982442319393158,
   "00010.png": 0.9899702072143555,
   "00001.png": 0.9849262237548828,
   "00006.png": 0.9846361875534058,
   "00074.png": 0.9840092658996582,
   "00008.png": 0.9825304746627808,
   "00073.png": 0.9825021624565125,
   "00046.png": 0.9828447103500366,
   "00097.png": 0.9837505221366882,
   "00041.png": 0.9833594560623169,
   "00090.png": 0.9847916960716248,
   "00033.png": 0.9824540019035339,
   "00034.png": 0.9859490394592285,
   "00048.png": 0.9875149130821228,
   "00099.png": 0.9856076240539551,
   "00079.png": 0.9840831756591797,
   "00005.png": 0.9829736948013306,
   "00002.png": 0.9832710027694702,
   "00070.png": 0.9845837354660034,
   "00077.png": 0.9896124601364136,
   "00042.png": 0.9829832911491394,
   "00093.png": 0.9824621677398682,
   "00039.png": 0.985294759273529,
   "00045.png": 0.98357093334198,
   "00094.png": 0.9865750074386597,
   "00037.png": 0.9915041923522949,
   "00030.png": 0.9842013120651245,
   "00021.png": 0.9824118614196777,
   "00026.png": 0.9859346151351929,
   "00028.png": 0.9837715029716492,
   "00085.png": 0.9838676452636719,
   "00054.png": 0.9875917434692383,
   "00082.png": 0.9877306818962097,
   "00053.png": 0.9888706207275391,
   "00066.png": 0.9880144000053406,
   "00061.png": 0.982036828994751,
   "00013.png": 0.9831029772758484,
   "00068.png": 0.9836019277572632,
   "00014.png": 0.993719756603241,
   "00031.png": 0.9858457446098328,
   "00036.png": 0.9846282005310059,
   "00038.png": 0.9859640002250671,
   "00044.png": 0.9845290184020996,
   "00095.png": 0.9855824708938599,
   "00043.png": 0.9835771918296814,
   "00092.png": 0.9860668182373047,
   "00076.png": 0.9863771200180054,
   "00071.png": 0.9837653040885925,
   "00003.png": 0.9846447706222534,
   "00078.png": 0.9841041564941406,
   "00004.png": 0.9856426119804382,
   "00069.png": 0.9855022430419922,
   "00015.png": 0.9828683733940125,
   "00012.png": 0.9827440977096558,
   "00060.png": 0.9835373759269714,
   "00067.png": 0.9841167330741882,
   "00083.png": 0.9834954142570496,
   "00052.png": 0.9832436442375183,
   "00029.png": 0.9834154844284058,
   "00084.png": 0.9834860563278198,
   "00055.png": 0.9840521216392517,
   "00027.png": 0.9829539060592651,
   "00020.png": 0.983548641204834
  },
  "PSNR": {
   "00011.png": 35.844398498535156,
   "00016.png": 35.71794509887695,
   "00064.png": 35.481754302978516,
   "00018.png": 35.996822357177734,
   "00063.png": 35.4162712097168,
   "00087.png": 36.33517837524414,
   "00056.png": 35.38505172729492,
   "00080.png": 34.9937858581543,
   "00051.png": 35.65909957885742,
   "00023.png": 34.954986572265625,
   "00024.png": 36.445465087890625,
   "00089.png": 36.6246337890625,
   "00058.png": 36.26774215698242,
   "00035.png": 34.983306884765625,
   "00049.png": 35.858680725097656,
   "00098.png": 35.09769821166992,
   "00032.png": 34.76729965209961,
   "00040.png": 35.92473602294922,
   "00091.png": 35.45270538330078,
   "00047.png": 39.87828063964844,
   "00096.png": 34.80418395996094,
   "00072.png": 35.71175003051758,
   "00075.png": 36.317970275878906,
   "00009.png": 35.236392974853516,
   "00007.png": 35.24189376831055,
   "00000.png": 34.697364807128906,
   "00025.png": 34.94520950317383,
   "00088.png": 37.16516876220703,
   "00059.png": 35.71346664428711,
   "00022.png": 35.29549789428711,
   "00081.png": 37.009334564208984,
   "00050.png": 34.973060607910156,
   "00086.png": 35.588844299316406,
   "00057.png": 36.684993743896484,
   "00062.png": 34.80606460571289,
   "00065.png": 35.11233901977539,
   "00019.png": 35.94771957397461,
   "00017.png": 34.83419418334961,
   "00010.png": 38.143638610839844,
   "00001.png": 35.39984893798828,
   "00006.png": 34.991764068603516,
   "00074.png": 36.03097915649414,
   "00008.png": 34.96096420288086,
   "00073.png": 35.31544876098633,
   "00046.png": 34.47352981567383,
   "00097.png": 36.04940414428711,
   "00041.png": 36.32624435424805,
   "00090.png": 35.559749603271484,
   "00033.png": 35.602359771728516,
   "00034.png": 35.93817138671875,
   "00048.png": 36.98958969116211,
   "00099.png": 37.3350830078125,
   "00079.png": 36.06422805786133,
   "00005.png": 35.60395050048828,
   "00002.png": 34.62307357788086,
   "00070.png": 35.697086334228516,
   "00077.png": 37.949031829833984,
   "00042.png": 35.2963752746582,
   "00093.png": 35.922943115234375,
   "00039.png": 36.12128448486328,
   "00045.png": 34.958740234375,
   "00094.png": 37.74736785888672,
   "00037.png": 39.827186584472656,
   "00030.png": 36.28609085083008,
   "00021.png": 35.50801467895508,
   "00026.png": 36.28874206542969,
   "00028.png": 34.88063049316406,
   "00085.png": 35.56482696533203,
   "00054.png": 38.11474609375,
   "00082.png": 37.428707122802734,
   "00053.png": 35.467552185058594,
   "00066.png": 37.642520904541016,
   "00061.png": 34.77710723876953,
   "00013.png": 35.911773681640625,
   "00068.png": 35.691646575927734,
   "00014.png": 40.582191467285156,
   "00031.png": 36.64781188964844,
   "00036.png": 35.19677734375,
   "00038.png": 35.48702621459961,
   "00044.png": 35.67369842529297,
   "00095.png": 35.841522216796875,
   "00043.png": 35.60302734375,
   "00092.png": 35.53451919555664,
   "00076.png": 37.058876037597656,
   "00071.png": 35.527313232421875,
   "00003.png": 35.08898162841797,
   "00078.png": 35.53559494018555,
   "00004.png": 35.06045913696289,
   "00069.png": 35.333770751953125,
   "00015.png": 34.63249588012695,
   "00012.png": 34.826847076416016,
   "00060.png": 35.604671478271484,
   "00067.png": 36.616275787353516,
   "00083.png": 34.72917556762695,
   "00052.png": 35.9865608215332,
   "00029.png": 35.65985107421875,
   "00084.png": 35.680381774902344,
   "00055.png": 35.87671661376953,
   "00027.png": 35.20981216430664,
   "00020.png": 35.83301544189453
  },
  "LPIPS": {
   "00011.png": 0.026975959539413452,
   "00016.png": 0.022700384259223938,
   "00064.png": 0.01741938665509224,
   "00018.png": 0.021977603435516357,
   "00063.png": 0.028889134526252747,
   "00087.png": 0.030307678505778313,
   "00056.png": 0.0192582868039608,
   "00080.png": 0.026915855705738068,
   "00051.png": 0.02705848217010498,
   "00023.png": 0.02266436070203781,
   "00024.png": 0.03133922815322876,
   "00089.png": 0.021682098507881165,
   "00058.png": 0.0271071158349514,
   "00035.png": 0.028321802616119385,
   "00049.png": 0.02524958923459053,
   "00098.png": 0.022929735481739044,
   "00032.png": 0.0262187160551548,
   "00040.png": 0.021858124062418938,
   "00091.png": 0.021520406007766724,
   "00047.png": 0.014582070522010326,
   "00096.png": 0.0265226811170578,
   "00072.png": 0.02195758745074272,