{
 "ours_30000": {
  "SSIM": 0.9846987724304199,
  "PSNR": 35.884891510009766,
  "LPIPS": 0.024146661162376404
 }
}