{
 "ours_30000": {
  "SSIM": 0.996323823928833,
  "PSNR": 41.10761642456055,
  "LPIPS": 0.0035821935161948204
 }
}