{
 "ours_30000": {
  "SSIM": 0.9975712299346924,
  "PSNR": 42.97490310668945,
  "LPIPS": 0.0026262449100613594
 }
}