{
 "ours_30000": {
  "SSIM": {
   "00061.png": 0.9969479441642761,
   "00066.png": 0.9976286888122559,
   "00068.png": 0.9976269602775574,
   "00014.png": 0.998278021812439,
   "00013.png": 0.9973573684692383,
   "00026.png": 0.9977800250053406,
   "00021.png": 0.9975286722183228,
   "00053.png": 0.9978805780410767,
   "00082.png": 0.9974300265312195,
   "00028.png": 0.9976543188095093,
   "00054.png": 0.9976109862327576,
   "00085.png": 0.9976483583450317,
   "00039.png": 0.9976567029953003,
   "00094.png": 0.997443437576294,
   "00045.png": 0.9974696636199951,
   "00093.png": 0.9973451495170593,
   "00042.png": 0.9972276091575623,
   "00030.png": 0.9972116947174072,
   "00037.png": 0.9983781576156616,
   "00002.png": 0.9973272085189819,
   "00079.png": 0.9973313808441162,
   "00005.png": 0.9972851276397705,
   "00077.png": 0.9979161024093628,
   "00070.png": 0.9978035688400269,
   "00029.png": 0.9977282285690308,
   "00055.png": 0.9971224069595337,
   "00084.png": 0.9975675940513611,
   "00052.png": 0.9973562955856323,
   "00083.png": 0.9971973299980164,
   "00020.png": 0.9974750280380249,
   "00027.png": 0.9977536201477051,
   "00012.png": 0.9973568916320801,
   "00069.png": 0.9980044364929199,
   "00015.png": 0.9971307516098022,
   "00067.png": 0.9974944591522217,
   "00060.png": 0.99754798412323,
   "00071.png": 0.9978442192077637,
   "00076.png": 0.9976731538772583,
   "00078.png": 0.9977530241012573,
   "00004.png": 0.9972779750823975,
   "00003.png": 0.9972648024559021,
   "00036.png": 0.9977477788925171,
   "00031.png": 0.9975861310958862,
   "00092.png": 0.997920036315918,
   "00043.png": 0.9972727298736572,
   "00038.png": 0.9979459643363953,
   "00095.png": 0.998044490814209,
   "00044.png": 0.9977197051048279,
   "00075.png": 0.9975802898406982,
   "00009.png": 0.9975460767745972,
   "00072.png": 0.9981436133384705,
   "00000.png": 0.9974879622459412,
   "00007.png": 0.9968233108520508,
   "00032.png": 0.9972466826438904,
   "00035.png": 0.9967581629753113,
   "00098.png": 0.9978639483451843,
   "00049.png": 0.9974831938743591,
   "00096.png": 0.9969017505645752,
   "00047.png": 0.998408317565918,
   "00091.png": 0.9979738593101501,
   "00040.png": 0.997779369354248,
   "00051.png": 0.9978065490722656,
   "00080.png": 0.9974995851516724,
   "00056.png": 0.9980030059814453,
   "00087.png": 0.9970824122428894,
   "00024.png": 0.9974677562713623,
   "00058.png": 0.9974068403244019,
   "00089.png": 0.9974731206893921,
   "00023.png": 0.9976930022239685,
   "00016.png": 0.9979599714279175,
   "00011.png": 0.9978305697441101,
   "00063.png": 0.9976696968078613,
   "00064.png": 0.9978734850883484,
   "00018.png": 0.9978994131088257,
   "00090.png": 0.9975709915161133,
   "00041.png": 0.9973573684692383,
   "00097.png": 0.9973735809326172,
   "00046.png": 0.9968330264091492,
   "00034.png": 0.9981446266174316,
   "00099.png": 0.9975966215133667,
   "00048.png": 0.9975601434707642,
   "00033.png": 0.9974647760391235,
   "00006.png": 0.9975790977478027,
   "00001.png": 0.9978460073471069,
   "00073.png": 0.9977407455444336,
   "00074.png": 0.9974259734153748,
   "00008.png": 0.9971405863761902,
   "00065.png": 0.9972571134567261,
   "00019.png": 0.9981898665428162,
   "00062.png": 0.9975922107696533,
   "00010.png": 0.9980332851409912,
   "00017.png": 0.9969260692596436,
   "00022.png": 0.9976385831832886,
   "00025.png": 0.9974581003189087,
   "00059.png": 0.9974851608276367,
   "00088.png": 0.997421145439148,
   "00057.png": 0.9974057674407959,
   "00086.png": 0.9976696372032166,
   "00050.png": 0.9975970983505249,
   "00081.png": 0.9976104497909546
  },
  "PSNR": {
   "00061.png": 41.774784088134766,
   "00066.png": 43.50117111206055,
   "00068.png": 43.00572967529297,
   "00014.png": 45.39888381958008,
   "00013.png": 42.898067474365234,
   "00026.png": 43.44913101196289,
   "00021.png": 43.1392707824707,
   "00053.png": 42.228660583496094,
   "00082.png": 43.01373291015625,
   "00028.png": 43.30109405517578,
   "00054.png": 43.797183990478516,
   "00085.png": 43.27583694458008,
   "00039.png": 43.1873664855957,
   "00094.png": 43.587074279785156,
   "00045.png": 42.63752746582031,
   "00093.png": 42.930328369140625,
   "00042.png": 42.254669189453125,
   "00030.png": 42.88050079345703,
   "00037.png": 45.416961669921875,
   "00002.png": 42.47972869873047,
   "00079.png": 42.50977325439453,
   "00005.png": 42.45466613769531,
   "00077.png": 43.907684326171875,
   "00070.png": 43.24197769165039,
   "00029.png": 43.18265914916992,
   "00055.png": 42.32542419433594,
   "00084.png": 42.896514892578125,
   "00052.png": 42.67675018310547,
   "00083.png": 41.60003662109375,
   "00020.png": 42.50491714477539,
   "00027.png": 43.33771514892578,
   "00012.png": 41.940887451171875,
   "00069.png": 43.20501708984375,
   "00015.png": 42.14646911621094,
   "00067.png": 43.17384719848633,
   "00060.png": 43.12614822387695,
   "00071.png": 43.14738845825195,
   "00076.png": 43.254085540771484,
   "00078.png": 42.810821533203125,
   "00004.png": 42.16424560546875,
   "00003.png": 41.623653411865234,
   "00036.png": 43.24723815917969,
   "00031.png": 43.02404022216797,
   "00092.png": 43.16543960571289,
   "00043.png": 42.28225326538086,
   "00038.png": 43.16382598876953,
   "00095.png": 44.2152214050293,
   "00044.png": 42.931297302246094,
   "00075.png": 42.895484924316406,
   "00009.png": 41.679893493652344,
   "00072.png": 44.3350944519043,
   "00000.png": 42.54853820800781,
   "00007.png": 41.859413146972656,
   "00032.png": 42.00071716308594,
   "00035.png": 41.43769073486328,
   "00098.png": 43.09498596191406,
   "00049.png": 42.84370040893555,
   "00096.png": 41.962032318115234,
   "00047.png": 45.45661544799805,
   "00091.png": 43.86045455932617,
   "00040.png": 43.63417053222656,
   "00051.png": 43.0301513671875,
   "00080.png": 42.930458068847656,
   "00056.png": 43.040828704833984,
   "00087.png": 42.70925521850586,
   "00024.png": 43.28407287597656,
   "00058.png": 42.820884704589844,
   "00089.png": 42.80734634399414,
   "00023.png": 42.742431640625,
   "00016.png": 43.8406982421875,
   "00011.png": 43.369117736816406,
   "00063.png": 43.22175598144531,
   "00064.png": 42.387664794921875,
   "00018.png": 43.84837341308594,
   "00090.png": 42.66940689086914,
   "00041.png": 42.81696701049805,
   "00097.png": 42.662967681884766,
   "00046.png": 41.73826217651367,
   "00034.png": 44.286598205566406,
   "00099.png": 43.544952392578125,
   "00048.png": 42.97666931152344,
   "00033.png": 42.98780059814453,
   "00006.png": 42.67002868652344,
   "00001.png": 43.55540466308594,
   "00073.png": 43.35105895996094,
   "00074.png": 42.940120697021484,
   "00008.png": 42.32270812988281,
   "00065.png": 41.698753356933594,
   "00019.png": 44.425472259521484,
   "00062.png": 42.59910202026367,
   "00010.png": 44.154605865478516,
   "00017.png": 41.856422424316406,
   "00022.png": 42.57520294189453,
   "00025.png": 42.5070915222168,
   "00059.png": 42.87566375732422,
   "00088.png": 42.915855407714844,
   "00057.png": 43.201438903808594,
   "00086.png": 42.85517120361328,
   "00050.png": 43.03358459472656,
   "00081.png": 43.209388732910156
  },
  "LPIPS": {
   "00061.png": 0.003767831716686487,
   "00066.png": 0.00273145386017859,
   "00068.png": 0.0023790947161614895,
   "00014.png": 0.0022762268781661987,
   "00013.png": 0.003305867314338684,
   "00026.png": 0.002446227241307497,
   "00021.png": 0.0026669949293136597,
   "00053.png": 0.002822248265147209,
   "00082.png": 0.0030515214893966913,
   "00028.png": 0.002245573326945305,
   "00054.png": 0.0024282680824398994,
   "00085.png": 0.0023391717113554478,
   "00039.png": 0.002532780170440674,
   "00094.png": 0.0024329093284904957,
   "00045.png": 0.002867533825337887,
   "00093.png": 0.002566600451245904,
   "00042.png": 0.002678542397916317,
   "00030.png": 0.003436199389398098,
   "00037.png": 0.0022001154720783234,
   "00002.png": 0.0026001986116170883,
   "00079.png": 0.002841779962182045,