{
 "ours_30000": {
  "SSIM": 0.9984450340270996,
  "PSNR": 43.789466857910156,
  "LPIPS": 0.00194857909809798
 }
}