{
 "ours_30000": {
  "SSIM": {
   "00070.png": 0.9992803335189819,
   "00077.png": 0.9991990327835083,
   "00079.png": 0.9991852641105652,
   "00005.png": 0.9992245435714722,
   "00002.png": 0.9992253184318542,
   "00037.png": 0.9993319511413574,
   "00030.png": 0.9991695284843445,
   "00093.png": 0.9992344379425049,
   "00042.png": 0.9992172122001648,
   "00039.png": 0.9992460012435913,
   "00094.png": 0.9992051124572754,
   "00045.png": 0.9992527365684509,
   "00028.png": 0.9993047714233398,
   "00054.png": 0.9991521835327148,
   "00085.png": 0.9992001056671143,
   "00053.png": 0.9992164373397827,
   "00082.png": 0.9991893768310547,
   "00021.png": 0.9991539716720581,
   "00026.png": 0.9992797374725342,
   "00013.png": 0.9991487264633179,
   "00068.png": 0.9993545413017273,
   "00014.png": 0.9992296099662781,
   "00066.png": 0.9991687536239624,
   "00061.png": 0.9990805387496948,
   "00038.png": 0.9994567632675171,
   "00095.png": 0.9994338750839233,
   "00044.png": 0.9992520213127136,
   "00092.png": 0.999433696269989,
   "00043.png": 0.9992156028747559,
   "00031.png": 0.9993216395378113,
   "00036.png": 0.9992512464523315,
   "00003.png": 0.9989907145500183,
   "00078.png": 0.9993016719818115,
   "00004.png": 0.9991202354431152,
   "00076.png": 0.9993204474449158,
   "00071.png": 0.9993799924850464,
   "00060.png": 0.9991592168807983,
   "00067.png": 0.999259352684021,
   "00069.png": 0.9993724226951599,
   "00015.png": 0.9992516040802002,
   "00012.png": 0.9991191625595093,
   "00027.png": 0.9993600249290466,
   "00020.png": 0.9992403388023376,
   "00052.png": 0.9992358088493347,
   "00083.png": 0.9992372393608093,
   "00029.png": 0.99928879737854,
   "00055.png": 0.9991516470909119,
   "00084.png": 0.9993231296539307,
   "00064.png": 0.9993796348571777,
   "00018.png": 0.9993049502372742,
   "00063.png": 0.9992996454238892,
   "00011.png": 0.999366283416748,
   "00016.png": 0.9994034171104431,
   "00023.png": 0.9994074702262878,
   "00024.png": 0.9993361234664917,
   "00058.png": 0.9990872740745544,
   "00089.png": 0.9991888999938965,
   "00056.png": 0.999445915222168,
   "00087.png": 0.9991297125816345,
   "00051.png": 0.999302089214325,
   "00080.png": 0.9991903305053711,
   "00091.png": 0.999426543712616,
   "00040.png": 0.9992421865463257,
   "00096.png": 0.9991573095321655,
   "00047.png": 0.999435305595398,
   "00035.png": 0.9990160465240479,
   "00098.png": 0.9993647336959839,
   "00049.png": 0.999334454536438,
   "00032.png": 0.9991404414176941,
   "00007.png": 0.9991132616996765,
   "00000.png": 0.9992515444755554,
   "00072.png": 0.999489963054657,
   "00075.png": 0.9993767738342285,
   "00009.png": 0.9990735054016113,
   "00050.png": 0.9992556571960449,
   "00081.png": 0.9992944598197937,
   "00057.png": 0.9992472529411316,
   "00086.png": 0.999304473400116,
   "00025.png": 0.9993106722831726,
   "00059.png": 0.9993137121200562,
   "00088.png": 0.9990751147270203,
   "00022.png": 0.9992755651473999,
   "00017.png": 0.9991814494132996,
   "00010.png": 0.999205470085144,
   "00062.png": 0.9993144869804382,
   "00065.png": 0.9990391731262207,
   "00019.png": 0.9994427561759949,
   "00074.png": 0.9990918636322021,
   "00008.png": 0.9990887641906738,
   "00073.png": 0.999309241771698,
   "00001.png": 0.9992706179618835,
   "00006.png": 0.9992856383323669,
   "00033.png": 0.9992799758911133,
   "00034.png": 0.9994661808013916,
   "00099.png": 0.9992830753326416,
   "00048.png": 0.9991385340690613,
   "00097.png": 0.9992157816886902,
   "00046.png": 0.9989283084869385,
   "00090.png": 0.9991841316223145,
   "00041.png": 0.9993011355400085
  },
  "PSNR": {
   "00070.png": 46.93992614746094,
   "00077.png": 46.890506744384766,
   "00079.png": 46.16874694824219,
   "00005.png": 46.60213088989258,
   "00002.png": 46.43529510498047,
   "00037.png": 47.94953155517578,
   "00030.png": 47.01744842529297,
   "00093.png": 46.943695068359375,
   "00042.png": 46.379974365234375,
   "00039.png": 46.36994934082031,
   "00094.png": 47.19818878173828,
   "00045.png": 46.74681091308594,
   "00028.png": 47.1281852722168,
   "00054.png": 46.5975341796875,
   "00085.png": 46.653446197509766,
   "00053.png": 45.52978515625,
   "00082.png": 46.751373291015625,
   "00021.png": 46.18492126464844,
   "00026.png": 46.51788330078125,
   "00013.png": 46.61949920654297,
   "00068.png": 47.57528305053711,
   "00014.png": 47.8829231262207,
   "00066.png": 46.85261535644531,
   "00061.png": 45.82919692993164,
   "00038.png": 47.893707275390625,
   "00095.png": 48.197853088378906,
   "00044.png": 46.528377532958984,
   "00092.png": 47.72058868408203,
   "00043.png": 46.34856414794922,
   "00031.png": 47.10077667236328,
   "00036.png": 46.84164047241211,
   "00003.png": 44.99273681640625,
   "00078.png": 47.056331634521484,
   "00004.png": 45.7042121887207,
   "00076.png": 47.19569778442383,
   "00071.png": 47.60398864746094,
   "00060.png": 46.47380065917969,
   "00067.png": 47.050262451171875,
   "00069.png": 47.13801956176758,
   "00015.png": 46.50522232055664,
   "00012.png": 45.9443473815918,
   "00027.png": 47.58750534057617,
   "00020.png": 46.77045822143555,
   "00052.png": 46.896018981933594,
   "00083.png": 46.437870025634766,
   "00029.png": 47.21733474731445,
   "00055.png": 46.366180419921875,
   "00084.png": 47.294921875,
   "00064.png": 46.568946838378906,
   "00018.png": 47.0413818359375,
   "00063.png": 47.26268005371094,
   "00011.png": 47.7374267578125,
   "00016.png": 47.99827575683594,
   "00023.png": 47.31925964355469,
   "00024.png": 47.5184326171875,
   "00058.png": 45.875205993652344,
   "00089.png": 46.8897705078125,
   "00056.png": 47.349639892578125,
   "00087.png": 46.35295867919922,
   "00051.png": 46.92363739013672,
   "00080.png": 46.40223693847656,
   "00091.png": 48.06355285644531,
   "00040.png": 46.78449630737305,
   "00096.png": 46.16543197631836,
   "00047.png": 49.13946533203125,
   "00035.png": 45.26920700073242,
   "00098.png": 47.285457611083984,
   "00049.png": 47.263404846191406,
   "00032.png": 46.04205322265625,
   "00007.png": 46.30012512207031,
   "00000.png": 46.63737869262695,
   "00072.png": 48.759769439697266,
   "00075.png": 47.53558349609375,
   "00009.png": 44.88566589355469,
   "00050.png": 46.7552375793457,
   "00081.png": 47.28974914550781,
   "00057.png": 47.13478469848633,
   "00086.png": 47.06689453125,
   "00025.png": 47.072505950927734,
   "00059.png": 47.302650451660156,
   "00088.png": 46.09132766723633,
   "00022.png": 46.759552001953125,
   "00017.png": 46.37755584716797,
   "00010.png": 46.61550521850586,
   "00062.png": 46.88685607910156,
   "00065.png": 45.311431884765625,
   "00019.png": 48.14195251464844,
   "00074.png": 45.79954528808594,
   "00008.png": 46.133018493652344,
   "00073.png": 47.274051666259766,
   "00001.png": 46.68265914916992,
   "00006.png": 46.9222297668457,
   "00033.png": 47.047645568847656,
   "00034.png": 48.43330001831055,
   "00099.png": 47.327178955078125,
   "00048.png": 46.405025482177734,
   "00097.png": 46.65287780761719,
   "00046.png": 45.047821044921875,
   "00090.png": 46.236820220947266,
   "00041.png": 47.39459991455078
  },
  "LPIPS": {
   "00070.png": 0.0011246628127992153,
   "00077.png": 0.0011016004718840122,
   "00079.png": 0.0011361396173015237,
   "00005.png": 0.0009952730033546686,
   "00002.png": 0.0008708758978173137,
   "00037.png": 0.0008992674993351102,
   "00030.png": 0.001069044810719788,
   "00093.png": 0.0011936797527596354,
   "00042.png": 0.0011819235514849424,
   "00039.png": 0.0007575179333798587,
   "00094.png": 0.0009807313326746225,
   "00045.png": 0.0006893969839438796,
   "00028.png": 0.0009492029203101993,
   "00054.png": 0.0010295663960278034,
   "00085.png": 0.000950226909480989,
   "00053.png": 0.0012082734610885382,
   "00082.png": 0.0014723730273544788,
   "00021.png": 0.000859829131513834,
   "00026.png": 0.0008352506556548178,
   "00013.png": 0.0008880513487383723,
   "00068.png": 0.0006032620440237224,