{
 "ours_30000": {
  "SSIM": 0.9992510080337524,
  "PSNR": 46.84165573120117,
  "LPIPS": 0.0009578679455444217
 }
}