{
 "ours_30000": {
  "SSIM": 0.9810802340507507,
  "PSNR": 34.497859954833984,
  "LPIPS": 0.024175243452191353
 }
}