{
 "ours_30000": {
  "SSIM": {
   "00031.png": 0.9867880344390869,
   "00036.png": 0.9855027198791504,
   "00044.png": 0.9846596717834473,
   "00095.png": 0.9865992069244385,
   "00038.png": 0.9860274195671082,
   "00043.png": 0.984850287437439,
   "00092.png": 0.9860536456108093,
   "00076.png": 0.9871978759765625,
   "00071.png": 0.9840778112411499,
   "00003.png": 0.9849511384963989,
   "00004.png": 0.9863711595535278,
   "00078.png": 0.9844807982444763,
   "00015.png": 0.9838892221450806,
   "00069.png": 0.9856721758842468,
   "00012.png": 0.9828938245773315,
   "00060.png": 0.9843415021896362,
   "00067.png": 0.9847170114517212,
   "00083.png": 0.9835805296897888,
   "00052.png": 0.98370361328125,
   "00084.png": 0.9836799502372742,
   "00055.png": 0.9844661951065063,
   "00029.png": 0.983660101890564,
   "00027.png": 0.9835612177848816,
   "00020.png": 0.9839400053024292,
   "00005.png": 0.9834623336791992,
   "00079.png": 0.9850273132324219,
   "00002.png": 0.9843923449516296,
   "00070.png": 0.9848238825798035,
   "00077.png": 0.9901432991027832,
   "00042.png": 0.9842143058776855,
   "00093.png": 0.983012318611145,
   "00045.png": 0.9837030172348022,
   "00094.png": 0.9872584342956543,
   "00039.png": 0.9864587783813477,
   "00037.png": 0.9920286536216736,
   "00030.png": 0.9846473932266235,
   "00021.png": 0.9831454753875732,
   "00026.png": 0.9868422746658325,
   "00085.png": 0.9847366809844971,
   "00054.png": 0.9882453680038452,
   "00028.png": 0.9849498271942139,
   "00082.png": 0.9887090921401978,
   "00053.png": 0.989715576171875,
   "00066.png": 0.988701343536377,
   "00061.png": 0.9821863174438477,
   "00013.png": 0.9835755228996277,
   "00014.png": 0.9941089153289795,
   "00068.png": 0.9838017225265503,
   "00088.png": 0.9875792860984802,
   "00059.png": 0.9836312532424927,
   "00025.png": 0.9853636622428894,
   "00022.png": 0.9838862419128418,
   "00081.png": 0.9867684245109558,
   "00050.png": 0.9831283092498779,
   "00086.png": 0.9840502738952637,
   "00057.png": 0.9842068552970886,
   "00062.png": 0.9836754202842712,
   "00019.png": 0.9870144724845886,
   "00065.png": 0.9859239459037781,
   "00017.png": 0.982402503490448,
   "00010.png": 0.9903522729873657,
   "00001.png": 0.9857220649719238,
   "00006.png": 0.9856739044189453,
   "00008.png": 0.9827418327331543,
   "00074.png": 0.9848124980926514,
   "00073.png": 0.9832134246826172,
   "00046.png": 0.9834415316581726,
   "00097.png": 0.984094500541687,
   "00041.png": 0.983798623085022,
   "00090.png": 0.9850492477416992,
   "00033.png": 0.9830233454704285,
   "00048.png": 0.9885269999504089,
   "00099.png": 0.9863474369049072,
   "00034.png": 0.9869214296340942,
   "00011.png": 0.9840954542160034,
   "00016.png": 0.98627108335495,
   "00018.png": 0.9864000082015991,
   "00064.png": 0.987405002117157,
   "00063.png": 0.9834245443344116,
   "00087.png": 0.9836369752883911,
   "00056.png": 0.986352801322937,
   "00080.png": 0.9829697608947754,
   "00051.png": 0.9844526052474976,
   "00023.png": 0.9845249652862549,
   "00089.png": 0.9872996807098389,
   "00058.png": 0.984635055065155,
   "00024.png": 0.9838743209838867,
   "00049.png": 0.9855008125305176,
   "00098.png": 0.9846347570419312,
   "00035.png": 0.9823324084281921,
   "00032.png": 0.9823125600814819,
   "00040.png": 0.9862781763076782,
   "00091.png": 0.985902726650238,
   "00047.png": 0.9922187328338623,
   "00096.png": 0.9829201698303223,
   "00072.png": 0.9865605235099792,
   "00009.png": 0.9882686138153076,
   "00075.png": 0.9862240552902222,
   "00007.png": 0.9820266962051392,
   "00000.png": 0.983366847038269
  },
  "PSNR": {
   "00031.png": 37.016300201416016,
   "00036.png": 35.42486572265625,
   "00044.png": 35.62721633911133,
   "00095.png": 36.18950653076172,
   "00038.png": 35.466796875,
   "00043.png": 36.09554672241211,
   "00092.png": 35.4772834777832,
   "00076.png": 37.36165237426758,
   "00071.png": 35.56951904296875,
   "00003.png": 35.19874954223633,
   "00004.png": 35.29231643676758,
   "00078.png": 35.64271545410156,
   "00015.png": 34.881805419921875,
   "00069.png": 35.37171173095703,
   "00012.png": 34.90508270263672,
   "00060.png": 35.81700897216797,
   "00067.png": 36.83796691894531,
   "00083.png": 34.86370849609375,
   "00052.png": 36.027015686035156,
   "00084.png": 35.64906692504883,
   "00055.png": 36.047996520996094,
   "00029.png": 35.57703399658203,
   "00027.png": 35.403751373291016,
   "00020.png": 35.80412292480469,
   "00005.png": 35.780853271484375,
   "00079.png": 36.40520477294922,
   "00002.png": 34.892154693603516,
   "00070.png": 35.702205657958984,
   "00077.png": 38.21784591674805,
   "00042.png": 35.76028060913086,
   "00093.png": 36.12330627441406,
   "00045.png": 35.064369201660156,
   "00094.png": 37.94572067260742,
   "00039.png": 36.55644607543945,
   "00037.png": 40.18231201171875,
   "00030.png": 36.37092590332031,
   "00021.png": 35.654151916503906,
   "00026.png": 36.61478042602539,
   "00085.png": 35.78181838989258,
   "00054.png": 38.39617919921875,
   "00028.png": 35.23061752319336,
   "00082.png": 37.81838607788086,
   "00053.png": 36.160064697265625,
   "00066.png": 37.916542053222656,
   "00061.png": 34.91464614868164,
   "00013.png": 36.004493713378906,
   "00014.png": 40.775306701660156,
   "00068.png": 35.76258087158203,
   "00088.png": 37.4912223815918,
   "00059.png": 35.84798812866211,
   "00025.png": 35.34613800048828,
   "00022.png": 35.39090347290039,
   "00081.png": 37.2117805480957,
   "00050.png": 35.17965316772461,
   "00086.png": 35.64839172363281,
   "00057.png": 36.8326416015625,
   "00062.png": 34.89909362792969,
   "00019.png": 36.280975341796875,
   "00065.png": 35.305362701416016,
   "00017.png": 34.91310501098633,
   "00010.png": 38.37103271484375,
   "00001.png": 35.685394287109375,
   "00006.png": 35.38763427734375,
   "00008.png": 35.06965637207031,
   "00074.png": 36.28908920288086,
   "00073.png": 35.56653594970703,
   "00046.png": 34.6896858215332,
   "00097.png": 36.112464904785156,
   "00041.png": 36.52375793457031,
   "00090.png": 35.64448928833008,
   "00033.png": 35.7833251953125,
   "00048.png": 37.33511734008789,
   "00099.png": 37.53195571899414,
   "00034.png": 36.23278045654297,
   "00011.png": 35.84232711791992,
   "00016.png": 36.00774383544922,
   "00018.png": 36.21235275268555,
   "00064.png": 35.645606994628906,
   "00063.png": 35.68520736694336,
   "00087.png": 36.59938049316406,
   "00056.png": 35.456424713134766,
   "00080.png": 35.28777313232422,
   "00051.png": 35.72293472290039,
   "00023.png": 35.14335250854492,
   "00089.png": 36.99955749511719,
   "00058.png": 36.5091667175293,
   "00024.png": 36.52960968017578,
   "00049.png": 36.277061462402344,
   "00098.png": 35.18501663208008,
   "00035.png": 35.209205627441406,
   "00032.png": 34.747867584228516,
   "00040.png": 36.21168518066406,
   "00091.png": 35.80121612548828,
   "00047.png": 40.31283950805664,
   "00096.png": 35.16522216796875,
   "00072.png": 36.05659103393555,
   "00009.png": 35.53263473510742,
   "00075.png": 36.725494384765625,
   "00007.png": 35.24712371826172,
   "00000.png": 34.93799591064453
  },
  "LPIPS": {
   "00031.png": 0.02373269572854042,
   "00036.png": 0.020489687100052834,
   "00044.png": 0.023937877267599106,
   "00095.png": 0.02031693607568741,
   "00038.png": 0.02085886150598526,
   "00043.png": 0.025602538138628006,
   "00092.png": 0.02110714465379715,
   "00076.png": 0.022683873772621155,
   "00071.png": 0.026639237999916077,
   "00003.png": 0.020131750032305717,
   "00004.png": 0.0168580524623394,
   "00078.png": 0.026248900219798088,
   "00015.png": 0.02205878123641014,
   "00069.png": 0.021443327888846397,
   "00012.png": 0.02596413530409336,
   "00060.png": 0.024152927100658417,
   "00067.png": 0.02670283615589142,
   "00083.png": 0.02396007999777794,
   "00052.png": 0.02745278924703598,
   "00084.png": 0.026603717356920242,
   "00055.png": 0.024995269253849983,
   "00029.png": 0.027397675439715385,