{
 "ours_30000": {
  "SSIM": 0.9852879047393799,
  "PSNR": 36.092018127441406,
  "LPIPS": 0.023392202332615852
 }
}