{
 "ours_30000": {
  "SSIM": 0.9965119957923889,
  "PSNR": 41.64182662963867,
  "LPIPS": 0.003212773473933339
 }
}