{
 "ours_30000": {
  "SSIM": 0.9983381628990173,
  "PSNR": 44.98588943481445,
  "LPIPS": 0.0017658023862168193
 }
}