{
 "ours_30000": {
  "SSIM": {
   "00088.png": 0.9985364675521851,
   "00059.png": 0.9980644583702087,
   "00025.png": 0.9986221790313721,
   "00022.png": 0.9982355833053589,
   "00081.png": 0.998806357383728,
   "00050.png": 0.9981266856193542,
   "00086.png": 0.9983951449394226,
   "00057.png": 0.9982109069824219,
   "00062.png": 0.9978494048118591,
   "00019.png": 0.9985960721969604,
   "00065.png": 0.9984838962554932,
   "00017.png": 0.9979079961776733,
   "00010.png": 0.9989625811576843,
   "00001.png": 0.9983375072479248,
   "00006.png": 0.9985064268112183,
   "00008.png": 0.9979749917984009,
   "00074.png": 0.9984515905380249,
   "00073.png": 0.9980744123458862,
   "00046.png": 0.9980696439743042,
   "00097.png": 0.9983415603637695,
   "00041.png": 0.9981986284255981,
   "00090.png": 0.9983838796615601,
   "00033.png": 0.9979815483093262,
   "00048.png": 0.9988064765930176,
   "00099.png": 0.9984807968139648,
   "00034.png": 0.9987534284591675,
   "00011.png": 0.9984025359153748,
   "00016.png": 0.9984174966812134,
   "00018.png": 0.9984011650085449,
   "00064.png": 0.9984328150749207,
   "00063.png": 0.9980597496032715,
   "00087.png": 0.9979771375656128,
   "00056.png": 0.9982697367668152,
   "00080.png": 0.9981249570846558,
   "00051.png": 0.9984263777732849,
   "00023.png": 0.9979599714279175,
   "00089.png": 0.998522162437439,
   "00058.png": 0.9983415603637695,
   "00024.png": 0.9980844259262085,
   "00049.png": 0.9984210729598999,
   "00098.png": 0.9979669451713562,
   "00035.png": 0.9978727698326111,
   "00032.png": 0.9979729056358337,
   "00040.png": 0.9984592795372009,
   "00091.png": 0.998449981212616,
   "00047.png": 0.9992666244506836,
   "00096.png": 0.9979581832885742,
   "00072.png": 0.9984923601150513,
   "00009.png": 0.9984058141708374,
   "00075.png": 0.998526930809021,
   "00007.png": 0.9980112910270691,
   "00000.png": 0.9978456497192383,
   "00031.png": 0.998508095741272,
   "00036.png": 0.9981206655502319,
   "00044.png": 0.9982606172561646,
   "00095.png": 0.9985978007316589,
   "00038.png": 0.9983980059623718,
   "00043.png": 0.9982293844223022,
   "00092.png": 0.9984681010246277,
   "00076.png": 0.9987544417381287,
   "00071.png": 0.9984135627746582,
   "00003.png": 0.9982501864433289,
   "00004.png": 0.9982900619506836,
   "00078.png": 0.998395562171936,
   "00015.png": 0.9979202151298523,
   "00069.png": 0.9981341361999512,
   "00012.png": 0.9979337453842163,
   "00060.png": 0.9983792304992676,
   "00067.png": 0.9981725215911865,
   "00083.png": 0.9980564117431641,
   "00052.png": 0.9982614517211914,
   "00084.png": 0.9983443021774292,
   "00055.png": 0.9983044862747192,
   "00029.png": 0.9983565211296082,
   "00027.png": 0.9983011484146118,
   "00020.png": 0.9983470439910889,
   "00005.png": 0.9981505870819092,
   "00079.png": 0.9984166026115417,
   "00002.png": 0.9980586767196655,
   "00070.png": 0.9983565807342529,
   "00077.png": 0.998755156993866,
   "00042.png": 0.9982165098190308,
   "00093.png": 0.9977936744689941,
   "00045.png": 0.9978588819503784,
   "00094.png": 0.998664379119873,
   "00039.png": 0.9984303712844849,
   "00037.png": 0.9990682005882263,
   "00030.png": 0.9983469247817993,
   "00021.png": 0.9981354475021362,
   "00026.png": 0.9987380504608154,
   "00085.png": 0.9983123540878296,
   "00054.png": 0.9986740946769714,
   "00028.png": 0.9981015920639038,
   "00082.png": 0.9987781047821045,
   "00053.png": 0.9989018440246582,
   "00066.png": 0.998807430267334,
   "00061.png": 0.9980620741844177,
   "00013.png": 0.9982144832611084,
   "00014.png": 0.9992038607597351,
   "00068.png": 0.9983376264572144
  },
  "PSNR": {
   "00088.png": 45.45099639892578,
   "00059.png": 44.250831604003906,
   "00025.png": 45.73368453979492,
   "00022.png": 44.21855545043945,
   "00081.png": 46.55655288696289,
   "00050.png": 44.646095275878906,
   "00086.png": 44.798919677734375,
   "00057.png": 45.36997985839844,
   "00062.png": 43.544158935546875,
   "00019.png": 45.86949157714844,
   "00065.png": 44.45230484008789,
   "00017.png": 43.94091796875,
   "00010.png": 47.033912658691406,
   "00001.png": 45.094703674316406,
   "00006.png": 45.55818176269531,
   "00008.png": 44.13093566894531,
   "00074.png": 45.253387451171875,
   "00073.png": 44.56611251831055,
   "00046.png": 44.5102653503418,
   "00097.png": 44.847984313964844,
   "00041.png": 45.02786636352539,
   "00090.png": 44.80930709838867,
   "00033.png": 44.54822540283203,
   "00048.png": 46.0731201171875,
   "00099.png": 45.990264892578125,
   "00034.png": 46.44032287597656,
   "00011.png": 45.09959411621094,
   "00016.png": 45.60426330566406,
   "00018.png": 45.35209274291992,
   "00064.png": 44.09854507446289,
   "00063.png": 44.59695816040039,
   "00087.png": 44.7830924987793,
   "00056.png": 43.9998664855957,
   "00080.png": 44.546722412109375,
   "00051.png": 44.75334930419922,
   "00023.png": 43.579437255859375,
   "00089.png": 45.493995666503906,
   "00058.png": 44.96866226196289,
   "00024.png": 45.04081344604492,
   "00049.png": 45.154266357421875,
   "00098.png": 43.60521697998047,
   "00035.png": 43.324729919433594,
   "00032.png": 43.72852325439453,
   "00040.png": 45.36410903930664,
   "00091.png": 45.48020935058594,
   "00047.png": 49.324092864990234,
   "00096.png": 44.045875549316406,
   "00072.png": 45.67737579345703,
   "00009.png": 44.18598937988281,
   "00075.png": 45.47099685668945,
   "00007.png": 44.08089065551758,
   "00000.png": 43.614593505859375,
   "00031.png": 45.066566467285156,
   "00036.png": 44.522151947021484,
   "00044.png": 44.25601577758789,
   "00095.png": 45.98402404785156,
   "00038.png": 44.402809143066406,
   "00043.png": 44.436912536621094,
   "00092.png": 44.517879486083984,
   "00076.png": 46.300559997558594,
   "00071.png": 44.90790939331055,
   "00003.png": 43.627620697021484,
   "00004.png": 44.67064666748047,
   "00078.png": 44.625633239746094,
   "00015.png": 44.04827117919922,
   "00069.png": 43.88432312011719,
   "00012.png": 43.4617919921875,
   "00060.png": 45.20157241821289,
   "00067.png": 44.80936050415039,
   "00083.png": 43.711448669433594,
   "00052.png": 44.73756790161133,
   "00084.png": 44.930381774902344,
   "00055.png": 44.74763488769531,
   "00029.png": 44.913734436035156,
   "00027.png": 44.994293212890625,
   "00020.png": 44.74986267089844,
   "00005.png": 44.50968933105469,
   "00079.png": 44.751121520996094,
   "00002.png": 44.40616989135742,
   "00070.png": 44.82694625854492,
   "00077.png": 46.39903259277344,
   "00042.png": 44.60197448730469,
   "00093.png": 44.09589767456055,
   "00045.png": 43.757789611816406,
   "00094.png": 46.65093231201172,
   "00039.png": 45.16126251220703,
   "00037.png": 48.19218063354492,
   "00030.png": 45.4134407043457,
   "00021.png": 44.6644172668457,
   "00026.png": 46.05098342895508,
   "00085.png": 45.175331115722656,
   "00054.png": 46.503623962402344,
   "00028.png": 44.68987274169922,
   "00082.png": 46.210975646972656,
   "00053.png": 45.238677978515625,
   "00066.png": 46.143375396728516,
   "00061.png": 43.758792877197266,
   "00013.png": 44.87189865112305,
   "00014.png": 48.39561462402344,
   "00068.png": 44.91824722290039
  },
  "LPIPS": {
   "00088.png": 0.0017668899381533265,
   "00059.png": 0.0024315519258379936,
   "00025.png": 0.0015719295479357243,
   "00022.png": 0.0017742007039487362,
   "00081.png": 0.0010712260846048594,
   "00050.png": 0.0018968599615618587,
   "00086.png": 0.0017269508680328727,
   "00057.png": 0.0018591061234474182,
   "00062.png": 0.001963828457519412,
   "00019.png": 0.0012735016644001007,
   "00065.png": 0.0018507679924368858,
   "00017.png": 0.0017622096929699183,
   "00010.png": 0.0011820585932582617,
   "00001.png": 0.001610674662515521,
   "00006.png": 0.001891065388917923,
   "00008.png": 0.0018095215782523155,
   "00074.png": 0.0015726862475275993,
   "00073.png": 0.0020668739452958107,
   "00046.png": 0.001997416140511632,
   "00097.png": 0.0016867807134985924,
   "00041.png": 0.002018676372244954,