{
 "ours_30000": {
  "SSIM": 0.9921810626983643,
  "PSNR": 38.8099250793457,
  "LPIPS": 0.0076377298682928085
 }
}