{
 "ours_30000": {
  "SSIM": 0.9954338073730469,
  "PSNR": 41.61835479736328,
  "LPIPS": 0.00591614842414856
 }
}