{
 "ours_30000": {
  "SSIM": {
   "00077.png": 0.9971294403076172,
   "00070.png": 0.9952597618103027,
   "00002.png": 0.9947704076766968,
   "00079.png": 0.9957095980644226,
   "00005.png": 0.9947814345359802,
   "00030.png": 0.9956367015838623,
   "00037.png": 0.9977213144302368,
   "00039.png": 0.9958419799804688,
   "00094.png": 0.9965590238571167,
   "00045.png": 0.9946142435073853,
   "00093.png": 0.994135856628418,
   "00042.png": 0.9950389266014099,
   "00053.png": 0.9970660209655762,
   "00082.png": 0.996799886226654,
   "00028.png": 0.9948236346244812,
   "00054.png": 0.9965885877609253,
   "00085.png": 0.9950333833694458,
   "00026.png": 0.9963997602462769,
   "00021.png": 0.9945899844169617,
   "00068.png": 0.9952101707458496,
   "00014.png": 0.9982138872146606,
   "00013.png": 0.9950960874557495,
   "00061.png": 0.9947907328605652,
   "00066.png": 0.9968883395195007,
   "00092.png": 0.9958173632621765,
   "00043.png": 0.9953357577323914,
   "00038.png": 0.9958149790763855,
   "00095.png": 0.9958054423332214,
   "00044.png": 0.9951385855674744,
   "00036.png": 0.9949008822441101,
   "00031.png": 0.9961265325546265,
   "00078.png": 0.9953891038894653,
   "00004.png": 0.9951328039169312,
   "00003.png": 0.9955431818962097,
   "00071.png": 0.9953569769859314,
   "00076.png": 0.9964239597320557,
   "00067.png": 0.9953262805938721,
   "00060.png": 0.995101809501648,
   "00012.png": 0.9944784641265869,
   "00069.png": 0.995296835899353,
   "00015.png": 0.9944888949394226,
   "00020.png": 0.9950345754623413,
   "00027.png": 0.9948645830154419,
   "00029.png": 0.9950098395347595,
   "00055.png": 0.9953985214233398,
   "00084.png": 0.995185375213623,
   "00052.png": 0.9951227903366089,
   "00083.png": 0.9949900507926941,
   "00063.png": 0.9946664571762085,
   "00064.png": 0.9960922002792358,
   "00018.png": 0.9954482913017273,
   "00016.png": 0.9954125881195068,
   "00011.png": 0.9951807856559753,
   "00024.png": 0.9947980642318726,
   "00058.png": 0.9954833984375,
   "00089.png": 0.9962357878684998,
   "00023.png": 0.9947094917297363,
   "00051.png": 0.9954859018325806,
   "00080.png": 0.994536817073822,
   "00056.png": 0.995700478553772,
   "00087.png": 0.9946938753128052,
   "00096.png": 0.9944956302642822,
   "00047.png": 0.9979840517044067,
   "00091.png": 0.9954738616943359,
   "00040.png": 0.9956432580947876,
   "00032.png": 0.9944206476211548,
   "00035.png": 0.9942080974578857,
   "00098.png": 0.9946991801261902,
   "00049.png": 0.9957219362258911,
   "00000.png": 0.9943353533744812,
   "00007.png": 0.9945697784423828,
   "00075.png": 0.9959805011749268,
   "00009.png": 0.9957234263420105,
   "00072.png": 0.9956330060958862,
   "00057.png": 0.9952725172042847,
   "00086.png": 0.9953545331954956,
   "00050.png": 0.994496762752533,
   "00081.png": 0.9965242147445679,
   "00022.png": 0.9950961470603943,
   "00025.png": 0.9955593943595886,
   "00059.png": 0.9946961402893066,
   "00088.png": 0.9963936805725098,
   "00010.png": 0.9974766969680786,
   "00017.png": 0.994189441204071,
   "00065.png": 0.9957783222198486,
   "00019.png": 0.9958220720291138,
   "00062.png": 0.9944696426391602,
   "00073.png": 0.9944872856140137,
   "00074.png": 0.9954521059989929,
   "00008.png": 0.9946494102478027,
   "00006.png": 0.9954438209533691,
   "00001.png": 0.9952840805053711,
   "00034.png": 0.9962042570114136,
   "00099.png": 0.9960263967514038,
   "00048.png": 0.9968602061271667,
   "00033.png": 0.9943548440933228,
   "00090.png": 0.995387077331543,
   "00041.png": 0.9950658679008484,
   "00097.png": 0.9953206777572632,
   "00046.png": 0.9946041107177734
  },
  "PSNR": {
   "00077.png": 43.96967315673828,
   "00070.png": 41.366024017333984,
   "00002.png": 40.53264236450195,
   "00079.png": 41.85178756713867,
   "00005.png": 41.26585006713867,
   "00030.png": 42.12388610839844,
   "00037.png": 46.00190734863281,
   "00039.png": 41.982627868652344,
   "00094.png": 43.73077392578125,
   "00045.png": 40.34312438964844,
   "00093.png": 41.04717254638672,
   "00042.png": 41.18846893310547,
   "00053.png": 42.20121383666992,
   "00082.png": 43.35639953613281,
   "00028.png": 40.58295440673828,
   "00054.png": 43.75936508178711,
   "00085.png": 41.220401763916016,
   "00026.png": 42.6466178894043,
   "00021.png": 41.10536575317383,
   "00068.png": 41.427040100097656,
   "00014.png": 46.1810302734375,
   "00013.png": 41.51069641113281,
   "00061.png": 40.539222717285156,
   "00066.png": 43.44244384765625,
   "00092.png": 41.04829406738281,
   "00043.png": 41.40083312988281,
   "00038.png": 41.026214599609375,
   "00095.png": 41.91380310058594,
   "00044.png": 41.04981231689453,
   "00036.png": 40.69062805175781,
   "00031.png": 42.24909973144531,
   "00078.png": 41.350982666015625,
   "00004.png": 40.61030578613281,
   "00003.png": 40.68433380126953,
   "00071.png": 41.36375045776367,
   "00076.png": 42.948829650878906,
   "00067.png": 42.161216735839844,
   "00060.png": 41.3675537109375,
   "00012.png": 40.152427673339844,
   "00069.png": 40.65308380126953,
   "00015.png": 40.369667053222656,
   "00020.png": 41.32683181762695,
   "00027.png": 41.21806335449219,
   "00029.png": 41.16426086425781,
   "00055.png": 41.6097297668457,
   "00084.png": 41.36452102661133,
   "00052.png": 41.553955078125,
   "00083.png": 40.304927825927734,
   "00063.png": 41.2104606628418,
   "00064.png": 40.97152328491211,
   "00018.png": 41.52379608154297,
   "00016.png": 41.48221969604492,
   "00011.png": 41.48485565185547,
   "00024.png": 41.852989196777344,
   "00058.png": 41.83343505859375,
   "00089.png": 42.579490661621094,
   "00023.png": 40.12877655029297,
   "00051.png": 41.51687240600586,
   "00080.png": 40.871944427490234,
   "00056.png": 40.81840896606445,
   "00087.png": 41.73835372924805,
   "00096.png": 40.68344497680664,
   "00047.png": 46.57889938354492,
   "00091.png": 41.33106231689453,
   "00040.png": 41.71403884887695,
   "00032.png": 40.248409271240234,
   "00035.png": 40.292362213134766,
   "00098.png": 40.19335174560547,
   "00049.png": 41.82918930053711,
   "00000.png": 40.10648727416992,
   "00007.png": 40.92815399169922,
   "00075.png": 42.188804626464844,
   "00009.png": 40.870059967041016,
   "00072.png": 41.457557678222656,
   "00057.png": 42.378631591796875,
   "00086.png": 41.4616813659668,
   "00050.png": 40.74510192871094,
   "00081.png": 43.10670471191406,
   "00022.png": 40.98793029785156,
   "00025.png": 41.46141052246094,
   "00059.png": 41.21537780761719,
   "00088.png": 42.9447021484375,
   "00010.png": 44.44757080078125,
   "00017.png": 40.215972900390625,
   "00065.png": 41.119361877441406,
   "00019.png": 41.660865783691406,
   "00062.png": 40.099517822265625,
   "00073.png": 41.00925064086914,
   "00074.png": 41.787471771240234,
   "00008.png": 40.63035583496094,
   "00006.png": 41.33245086669922,
   "00001.png": 41.147769927978516,
   "00034.png": 42.17509460449219,
   "00099.png": 43.07472610473633,
   "00048.png": 43.068634033203125,
   "00033.png": 41.06627655029297,
   "00090.png": 41.200714111328125,
   "00041.png": 41.979393005371094,
   "00097.png": 41.64616012573242,
   "00046.png": 40.47735595703125
  },
  "LPIPS": {
   "00077.png": 0.004067090339958668,
   "00070.png": 0.006187647581100464,
   "00002.png": 0.0053330897353589535,
   "00079.png": 0.006039499305188656,
   "00005.png": 0.007704555988311768,
   "00030.png": 0.006610549055039883,
   "00037.png": 0.004102557897567749,
   "00039.png": 0.005336317699402571,
   "00094.png": 0.0046890610828995705,
   "00045.png": 0.006607946008443832,
   "00093.png": 0.008400019258260727,
   "00042.png": 0.006736052222549915,
   "00053.png": 0.004212075378745794,
   "00082.png": 0.004630847368389368,
   "00028.png": 0.005327622406184673,
   "00054.png": 0.0050920480862259865,
   "00085.png": 0.006015287712216377,
   "00026.png": 0.0044550360180437565,
   "00021.png": 0.006410176400095224,
   "00068.png": 0.0062542143277823925,
   "00014.png": 0.002452992368489504,